epochs,hidden,n_hidden_layers,best_epoch,stop_epoch,loss_train,loss_val,loss_test,mae_train,mae_val,mae_test,pred,true,modelo,k,target_date
100,2,2,100,100,1336.3375244140625,964.564453125,1127.6285400390625,27.57344627380371,26.584692001342773,26.556612014770508,4.3499755859375,35.327911376953125,GCN,2,2024-05-04
200,2,2,200,200,1072.762939453125,695.400146484375,876.8505249023438,25.015823364257812,21.489591598510742,24.662031173706055,9.900031089782715,35.327911376953125,GCN,2,2024-05-04
400,2,2,400,400,636.8827514648438,268.3026428222656,494.81976318359375,21.418720245361328,11.100296974182129,20.220970153808594,28.225088119506836,35.327911376953125,GCN,2,2024-05-04
500,2,2,453,500,629.5155639648438,264.4396057128906,494.1873474121094,21.486202239990234,11.8643217086792,19.752376556396484,30.161983489990234,35.327911376953125,GCN,2,2024-05-04
1000,2,2,453,513,629.5155639648438,264.4396057128906,494.1873474121094,21.486202239990234,11.8643217086792,19.752376556396484,30.161983489990234,35.327911376953125,GCN,2,2024-05-04
100,6,2,100,100,1273.7662353515625,900.3161010742188,1067.511474609375,26.944305419921875,25.34575080871582,26.076148986816406,5.5706467628479,35.327911376953125,GCN,2,2024-05-04
200,6,2,200,200,840.2937622070312,461.2730407714844,661.7305908203125,22.749731063842773,16.718793869018555,23.070608139038086,16.46881866455078,35.327911376953125,GCN,2,2024-05-04
400,6,2,335,395,629.1163940429688,264.55914306640625,494.0876159667969,21.47844123840332,11.874199867248535,19.753164291381836,30.171958923339844,35.327911376953125,GCN,2,2024-05-04
500,6,2,335,395,629.1163940429688,264.55914306640625,494.0876159667969,21.47844123840332,11.874199867248535,19.753164291381836,30.171958923339844,35.327911376953125,GCN,2,2024-05-04
1000,6,2,335,395,629.1163940429688,264.55914306640625,494.0876159667969,21.47844123840332,11.874199867248535,19.753164291381836,30.171958923339844,35.327911376953125,GCN,2,2024-05-04
100,12,2,100,100,1073.2889404296875,695.6494750976562,876.9043579101562,24.992145538330078,21.467344284057617,24.650787353515625,9.917179107666016,35.327911376953125,GCN,2,2024-05-04
200,12,2,200,200,642.146240234375,273.3840026855469,496.9547424316406,21.399999618530273,10.900317192077637,20.430213928222656,27.329906463623047,35.327911376953125,GCN,2,2024-05-04
400,12,2,231,291,628.490478515625,264.9513244628906,493.14093017578125,21.452070236206055,11.892014503479004,19.745820999145508,30.15719223022461,35.327911376953125,GCN,2,2024-05-04
500,12,2,231,291,628.490478515625,264.9513244628906,493.14093017578125,21.452070236206055,11.892014503479004,19.745820999145508,30.15719223022461,35.327911376953125,GCN,2,2024-05-04
1000,12,2,231,291,628.490478515625,264.9513244628906,493.14093017578125,21.452070236206055,11.892014503479004,19.745820999145508,30.15719223022461,35.327911376953125,GCN,2,2024-05-04
100,24,2,100,100,945.4944458007812,566.4533081054688,757.4837646484375,23.695920944213867,19.072311401367188,23.84836196899414,13.231334686279297,35.327911376953125,GCN,2,2024-05-04
200,24,2,182,200,628.662841796875,264.9847106933594,493.06396484375,21.450977325439453,11.87628173828125,19.74958610534668,30.140172958374023,35.327911376953125,GCN,2,2024-05-04
400,24,2,182,242,628.662841796875,264.9847106933594,493.06396484375,21.450977325439453,11.87628173828125,19.74958610534668,30.140172958374023,35.327911376953125,GCN,2,2024-05-04
500,24,2,182,242,628.662841796875,264.9847106933594,493.06396484375,21.450977325439453,11.87628173828125,19.74958610534668,30.140172958374023,35.327911376953125,GCN,2,2024-05-04
1000,24,2,182,242,628.662841796875,264.9847106933594,493.06396484375,21.450977325439453,11.87628173828125,19.74958610534668,30.140172958374023,35.327911376953125,GCN,2,2024-05-04
100,2,4,100,100,1592.87451171875,1227.6060791015625,1374.5106201171875,30.53825569152832,31.134225845336914,29.389400482177734,-0.09872554987668991,35.327911376953125,GCN,2,2024-05-04
200,2,4,200,200,1586.7894287109375,1221.40234375,1368.6551513671875,30.4384708404541,31.034439086914062,29.28961181640625,0.0010642489651218057,35.327911376953125,GCN,2,2024-05-04
400,2,4,400,400,1574.7069091796875,1209.0823974609375,1357.0303955078125,30.23933982849121,30.835311889648438,29.090484619140625,0.2001902461051941,35.327911376953125,GCN,2,2024-05-04
500,2,4,500,500,1568.7086181640625,1202.9654541015625,1351.260009765625,30.139995574951172,30.735963821411133,28.991138458251953,0.2995365262031555,35.327911376953125,GCN,2,2024-05-04
1000,2,4,1000,1000,1539.129150390625,1172.7962646484375,1322.8175048828125,29.68462371826172,30.2412052154541,28.496376037597656,0.7942983508110046,35.327911376953125,GCN,2,2024-05-04
100,6,4,100,100,1513.2420654296875,1146.0250244140625,1297.789306640625,29.33165740966797,29.798276901245117,28.12789535522461,1.1980113983154297,35.327911376953125,GCN,2,2024-05-04
200,6,4,200,200,1092.1024169921875,713.8715209960938,895.5446166992188,25.202795028686523,21.797698974609375,24.786630630493164,9.390809059143066,35.327911376953125,GCN,2,2024-05-04
400,6,4,302,362,631.3081665039062,261.2911682128906,496.17779541015625,21.562334060668945,11.778639793395996,19.807706832885742,29.963443756103516,35.327911376953125,GCN,2,2024-05-04
500,6,4,302,362,631.3081665039062,261.2911682128906,496.17779541015625,21.562334060668945,11.778639793395996,19.807706832885742,29.963443756103516,35.327911376953125,GCN,2,2024-05-04
1000,6,4,302,362,631.3081665039062,261.2911682128906,496.17779541015625,21.562334060668945,11.778639793395996,19.807706832885742,29.963443756103516,35.327911376953125,GCN,2,2024-05-04
100,12,4,100,100,1402.2344970703125,1031.51220703125,1190.73486328125,28.209075927734375,27.81713104248047,27.031156539916992,3.138854503631592,35.327911376953125,GCN,2,2024-05-04
200,12,4,174,200,630.685546875,261.42327880859375,495.8022766113281,21.557022094726562,11.857325553894043,19.74810028076172,30.177467346191406,35.327911376953125,GCN,2,2024-05-04
400,12,4,174,234,630.685546875,261.42327880859375,495.8022766113281,21.557022094726562,11.857325553894043,19.74810028076172,30.177467346191406,35.327911376953125,GCN,2,2024-05-04
500,12,4,174,234,630.685546875,261.42327880859375,495.8022766113281,21.557022094726562,11.857325553894043,19.74810028076172,30.177467346191406,35.327911376953125,GCN,2,2024-05-04
1000,12,4,174,234,630.685546875,261.42327880859375,495.8022766113281,21.557022094726562,11.857325553894043,19.74810028076172,30.177467346191406,35.327911376953125,GCN,2,2024-05-04
100,24,4,86,100,630.8510131835938,261.6871643066406,495.82855224609375,21.555662155151367,11.861489295959473,19.748746871948242,30.148662567138672,35.327911376953125,GCN,2,2024-05-04
200,24,4,124,184,630.7600708007812,261.5209045410156,495.36279296875,21.543869018554688,11.811317443847656,19.780494689941406,30.025888442993164,35.327911376953125,GCN,2,2024-05-04
400,24,4,124,184,630.7600708007812,261.5209045410156,495.36279296875,21.543869018554688,11.811317443847656,19.780494689941406,30.025888442993164,35.327911376953125,GCN,2,2024-05-04
500,24,4,124,184,630.7600708007812,261.5209045410156,495.36279296875,21.543869018554688,11.811317443847656,19.780494689941406,30.025888442993164,35.327911376953125,GCN,2,2024-05-04
1000,24,4,124,184,630.7600708007812,261.5209045410156,495.36279296875,21.543869018554688,11.811317443847656,19.780494689941406,30.025888442993164,35.327911376953125,GCN,2,2024-05-04
100,2,6,100,100,1549.401123046875,1183.5936279296875,1332.8515625,29.828166961669922,30.419370651245117,28.670806884765625,0.5835328102111816,35.327911376953125,GCN,2,2024-05-04
200,2,6,200,200,1527.7413330078125,1161.6866455078125,1312.157958984375,29.519433975219727,30.05681610107422,28.33226776123047,0.9261950850486755,35.327911376953125,GCN,2,2024-05-04
400,2,6,400,400,1422.3629150390625,1055.2100830078125,1211.9454345703125,28.447492599487305,28.22685432434082,27.232501983642578,2.632859468460083,35.327911376953125,GCN,2,2024-05-04
500,2,6,500,500,1337.943115234375,969.8375854492188,1131.98486328125,27.649118423461914,26.667953491210938,26.66578483581543,4.081017017364502,35.327911376953125,GCN,2,2024-05-04
1000,2,6,1000,1000,818.2527465820312,439.7898254394531,650.818115234375,22.845685958862305,16.396337509155273,23.159008026123047,16.42193031311035,35.327911376953125,GCN,2,2024-05-04
100,6,6,100,100,1532.4051513671875,1166.3587646484375,1316.603515625,29.585229873657227,30.13448143005371,28.39459228515625,0.8572450876235962,35.327911376953125,GCN,2,2024-05-04
200,6,6,200,200,1479.0101318359375,1112.4290771484375,1265.761962890625,28.992956161499023,29.2247257232666,27.6968994140625,1.7059578895568848,35.327911376953125,GCN,2,2024-05-04
400,6,6,400,400,1216.03564453125,846.4192504882812,1017.3208618164062,26.50257110595703,24.23305320739746,25.785978317260742,6.333211898803711,35.327911376953125,GCN,2,2024-05-04
500,6,6,500,500,1011.8829956054688,638.8798217773438,827.2000732421875,24.656070709228516,20.643503189086914,24.507549285888672,10.752208709716797,35.327911376953125,GCN,2,2024-05-04
1000,6,6,1000,1000,658.4800415039062,267.84234619140625,527.170166015625,22.168773651123047,11.105289459228516,20.488508224487305,27.70646858215332,35.327911376953125,GCN,2,2024-05-04
100,12,6,100,100,1249.0501708984375,874.3162231445312,1044.2972412109375,26.714256286621094,24.84239387512207,25.911123275756836,5.974016189575195,35.327911376953125,GCN,2,2024-05-04
200,12,6,166,200,633.4594116210938,259.6365051269531,497.35784912109375,21.633424758911133,11.721787452697754,19.820789337158203,29.812673568725586,35.327911376953125,GCN,2,2024-05-04
400,12,6,166,226,633.4594116210938,259.6365051269531,497.35784912109375,21.633424758911133,11.721787452697754,19.820789337158203,29.812673568725586,35.327911376953125,GCN,2,2024-05-04
500,12,6,166,226,633.4594116210938,259.6365051269531,497.35784912109375,21.633424758911133,11.721787452697754,19.820789337158203,29.812673568725586,35.327911376953125,GCN,2,2024-05-04
1000,12,6,166,226,633.4594116210938,259.6365051269531,497.35784912109375,21.633424758911133,11.721787452697754,19.820789337158203,29.812673568725586,35.327911376953125,GCN,2,2024-05-04
100,24,6,99,100,633.1128540039062,259.7225036621094,496.2748718261719,21.60489273071289,11.672940254211426,19.853975296020508,29.641101837158203,35.327911376953125,GCN,2,2024-05-04
200,24,6,124,184,632.4027709960938,259.6409912109375,496.78472900390625,21.62126350402832,11.809107780456543,19.77010726928711,29.98931312561035,35.327911376953125,GCN,2,2024-05-04
400,24,6,124,184,632.4027709960938,259.6409912109375,496.78472900390625,21.62126350402832,11.809107780456543,19.77010726928711,29.98931312561035,35.327911376953125,GCN,2,2024-05-04
500,24,6,124,184,632.4027709960938,259.6409912109375,496.78472900390625,21.62126350402832,11.809107780456543,19.77010726928711,29.98931312561035,35.327911376953125,GCN,2,2024-05-04
1000,24,6,124,184,632.4027709960938,259.6409912109375,496.78472900390625,21.62126350402832,11.809107780456543,19.77010726928711,29.98931312561035,35.327911376953125,GCN,2,2024-05-04
100,2,2,100,100,1336.7611083984375,951.6294555664062,1124.2091064453125,27.59033203125,26.569107055664062,26.436275482177734,4.651421546936035,35.327911376953125,GCN,3,2024-05-04
200,2,2,200,200,1074.215576171875,665.1115112304688,867.2328491210938,25.117645263671875,21.50303077697754,24.361881256103516,10.61197280883789,35.327911376953125,GCN,3,2024-05-04
400,2,2,400,400,644.0776977539062,184.11546325683594,453.0102844238281,21.54572296142578,9.477523803710938,19.359729766845703,30.187894821166992,35.327911376953125,GCN,3,2024-05-04
500,2,2,500,500,636.2051391601562,172.86134338378906,447.19720458984375,21.6908016204834,9.499653816223145,18.66752815246582,32.90159225463867,35.327911376953125,GCN,3,2024-05-04
1000,2,2,611,671,635.814697265625,172.49810791015625,447.162109375,21.71186637878418,9.586140632629395,18.593244552612305,33.19834518432617,35.327911376953125,GCN,3,2024-05-04
100,6,2,100,100,1274.3485107421875,883.2766723632812,1062.5804443359375,26.976091384887695,25.329736709594727,25.91525650024414,5.963133811950684,35.327911376953125,GCN,3,2024-05-04
200,6,2,200,200,843.6138916015625,411.1765441894531,642.3701782226562,22.826229095458984,16.748966217041016,22.553239822387695,17.66535186767578,35.327911376953125,GCN,3,2024-05-04
400,6,2,400,400,635.710693359375,172.4036865234375,446.72161865234375,21.703922271728516,9.568340301513672,18.598609924316406,33.15264129638672,35.327911376953125,GCN,3,2024-05-04
500,6,2,441,500,635.5457153320312,172.34967041015625,446.6871337890625,21.707366943359375,9.590048789978027,18.58078384399414,33.225887298583984,35.327911376953125,GCN,3,2024-05-04
1000,6,2,441,501,635.5457153320312,172.34967041015625,446.6871337890625,21.707366943359375,9.590048789978027,18.58078384399414,33.225887298583984,35.327911376953125,GCN,3,2024-05-04
100,12,2,100,100,1075.4129638671875,664.6209106445312,867.105224609375,25.106714248657227,21.489770889282227,24.333518981933594,10.640412330627441,35.327911376953125,GCN,3,2024-05-04
200,12,2,200,200,649.0059204101562,189.93589782714844,456.1164245605469,21.551132202148438,9.708292961120605,19.56644630432129,29.277353286743164,35.327911376953125,GCN,3,2024-05-04
400,12,2,287,347,634.7079467773438,170.81109619140625,445.03106689453125,21.689157485961914,9.58984088897705,18.531558990478516,33.33335494995117,35.327911376953125,GCN,3,2024-05-04
500,12,2,287,347,634.7079467773438,170.81109619140625,445.03106689453125,21.689157485961914,9.58984088897705,18.531558990478516,33.33335494995117,35.327911376953125,GCN,3,2024-05-04
1000,12,2,287,347,634.7079467773438,170.81109619140625,445.03106689453125,21.689157485961914,9.58984088897705,18.531558990478516,33.33335494995117,35.327911376953125,GCN,3,2024-05-04
100,24,2,100,100,947.6311645507812,524.9494018554688,742.547607421875,23.839693069458008,19.088150024414062,23.423473358154297,14.205217361450195,35.327911376953125,GCN,3,2024-05-04
200,24,2,200,200,634.9337768554688,171.01649475097656,445.1680908203125,21.687423706054688,9.573694229125977,18.5457763671875,33.27056884765625,35.327911376953125,GCN,3,2024-05-04
400,24,2,215,275,634.85546875,170.84942626953125,445.2737731933594,21.703052520751953,9.628167152404785,18.498228073120117,33.45854187011719,35.327911376953125,GCN,3,2024-05-04
500,24,2,215,275,634.85546875,170.84942626953125,445.2737731933594,21.703052520751953,9.628167152404785,18.498228073120117,33.45854187011719,35.327911376953125,GCN,3,2024-05-04
1000,24,2,215,275,634.85546875,170.84942626953125,445.2737731933594,21.703052520751953,9.628167152404785,18.498228073120117,33.45854187011719,35.327911376953125,GCN,3,2024-05-04
100,2,4,100,100,1592.87451171875,1227.6060791015625,1374.5106201171875,30.53825569152832,31.134225845336914,29.389400482177734,-0.09872554987668991,35.327911376953125,GCN,3,2024-05-04
200,2,4,200,200,1586.7894287109375,1221.40234375,1368.6551513671875,30.4384708404541,31.034439086914062,29.28961181640625,0.0010642489651218057,35.327911376953125,GCN,3,2024-05-04
400,2,4,400,400,1574.7069091796875,1209.0823974609375,1357.0303955078125,30.23933982849121,30.835311889648438,29.090484619140625,0.2001902461051941,35.327911376953125,GCN,3,2024-05-04
500,2,4,500,500,1568.7086181640625,1202.9654541015625,1351.260009765625,30.139995574951172,30.735963821411133,28.991138458251953,0.2995365262031555,35.327911376953125,GCN,3,2024-05-04
1000,2,4,1000,1000,1539.129150390625,1172.7962646484375,1322.8175048828125,29.68462371826172,30.2412052154541,28.496376037597656,0.7942983508110046,35.327911376953125,GCN,3,2024-05-04
100,6,4,100,100,1574.495849609375,1208.8668212890625,1356.8270263671875,30.2358455657959,30.831817626953125,29.086994171142578,0.20368561148643494,35.327911376953125,GCN,3,2024-05-04
200,6,4,200,200,1568.4713134765625,1202.7235107421875,1351.0318603515625,30.136056900024414,30.732027053833008,28.987201690673828,0.30347326397895813,35.327911376953125,GCN,3,2024-05-04
400,6,4,400,400,1556.5096435546875,1190.524658203125,1339.52783203125,29.941598892211914,30.532913208007812,28.7880859375,0.5025904178619385,35.327911376953125,GCN,3,2024-05-04
500,6,4,500,500,1550.57177734375,1184.46826171875,1333.8182373046875,29.848730087280273,30.43357276916504,28.68874740600586,0.6019302010536194,35.327911376953125,GCN,3,2024-05-04
1000,6,4,1000,1000,1521.2945556640625,1154.6014404296875,1305.677734375,29.44538116455078,29.93886375427246,28.212068557739258,1.0966393947601318,35.327911376953125,GCN,3,2024-05-04
100,12,4,100,100,1446.569091796875,1070.609130859375,1231.1748046875,28.6740665435791,28.621070861816406,27.290821075439453,2.506687641143799,35.327911376953125,GCN,3,2024-05-04
200,12,4,179,200,636.4918823242188,167.89370727539062,442.82781982421875,21.837488174438477,9.593056678771973,18.289766311645508,33.76523971557617,35.327911376953125,GCN,3,2024-05-04
400,12,4,179,239,636.4918823242188,167.89370727539062,442.82781982421875,21.837488174438477,9.593056678771973,18.289766311645508,33.76523971557617,35.327911376953125,GCN,3,2024-05-04
500,12,4,179,239,636.4918823242188,167.89370727539062,442.82781982421875,21.837488174438477,9.593056678771973,18.289766311645508,33.76523971557617,35.327911376953125,GCN,3,2024-05-04
1000,12,4,179,239,636.4918823242188,167.89370727539062,442.82781982421875,21.837488174438477,9.593056678771973,18.289766311645508,33.76523971557617,35.327911376953125,GCN,3,2024-05-04
100,24,4,87,100,636.3424682617188,167.2313995361328,441.99395751953125,21.806808471679688,9.513040542602539,18.34069061279297,33.53213882446289,35.327911376953125,GCN,3,2024-05-04
200,24,4,106,166,636.4901733398438,167.23043823242188,442.3872375488281,21.84038543701172,9.591015815734863,18.270463943481445,33.8060302734375,35.327911376953125,GCN,3,2024-05-04
400,24,4,106,166,636.4901733398438,167.23043823242188,442.3872375488281,21.84038543701172,9.591015815734863,18.270463943481445,33.8060302734375,35.327911376953125,GCN,3,2024-05-04
500,24,4,106,166,636.4901733398438,167.23043823242188,442.3872375488281,21.84038543701172,9.591015815734863,18.270463943481445,33.8060302734375,35.327911376953125,GCN,3,2024-05-04
1000,24,4,106,166,636.4901733398438,167.23043823242188,442.3872375488281,21.84038543701172,9.591015815734863,18.270463943481445,33.8060302734375,35.327911376953125,GCN,3,2024-05-04
100,2,6,100,100,1549.504150390625,1181.9224853515625,1332.751953125,29.83122444152832,30.410903930664062,28.676694869995117,0.6186609268188477,35.327911376953125,GCN,3,2024-05-04
200,2,6,200,200,1527.921875,1159.051025390625,1311.949462890625,29.526704788208008,30.044069290161133,28.322772979736328,0.9827015995979309,35.327911376953125,GCN,3,2024-05-04
400,2,6,400,400,1423.6649169921875,1047.4583740234375,1211.2996826171875,28.4705810546875,28.200576782226562,27.17647361755371,2.8131418228149414,35.327911376953125,GCN,3,2024-05-04
500,2,6,500,500,1339.870361328125,957.2357788085938,1130.3736572265625,27.669187545776367,26.623306274414062,26.571712493896484,4.379208087921143,35.327911376953125,GCN,3,2024-05-04
1000,2,6,1000,1000,826.7733764648438,390.8437805175781,634.2997436523438,22.937938690185547,16.414718627929688,22.707496643066406,17.74241828918457,35.327911376953125,GCN,3,2024-05-04
100,6,6,100,100,1532.558837890625,1164.164306640625,1316.411865234375,29.59131622314453,30.12394905090332,28.392925262451172,0.9046225547790527,35.327911376953125,GCN,3,2024-05-04
200,6,6,200,200,1479.446533203125,1107.3681640625,1265.1495361328125,29.003406524658203,29.202293395996094,27.661102294921875,1.8193302154541016,35.327911376953125,GCN,3,2024-05-04
400,6,6,400,400,1218.5296630859375,825.6984252929688,1012.9577026367188,26.53202247619629,24.151655197143555,25.62132453918457,6.8388872146606445,35.327911376953125,GCN,3,2024-05-04
500,6,6,500,500,1016.845947265625,604.56298828125,817.8135986328125,24.758085250854492,20.638261795043945,24.202728271484375,11.635540962219238,35.327911376953125,GCN,3,2024-05-04
1000,6,6,1000,1000,673.3849487304688,192.4171600341797,484.24896240234375,22.43720054626465,9.70065975189209,19.72098159790039,29.80644989013672,35.327911376953125,GCN,3,2024-05-04
100,12,6,100,100,1229.185546875,833.939208984375,1017.4559936523438,26.56637191772461,24.417097091674805,25.532197952270508,6.858408451080322,35.327911376953125,GCN,3,2024-05-04
200,12,6,129,189,638.677734375,166.9013214111328,442.32330322265625,21.892250061035156,9.4423189163208,18.305692672729492,33.49246597290039,35.327911376953125,GCN,3,2024-05-04
400,12,6,129,189,638.677734375,166.9013214111328,442.32330322265625,21.892250061035156,9.4423189163208,18.305692672729492,33.49246597290039,35.327911376953125,GCN,3,2024-05-04
500,12,6,129,189,638.677734375,166.9013214111328,442.32330322265625,21.892250061035156,9.4423189163208,18.305692672729492,33.49246597290039,35.327911376953125,GCN,3,2024-05-04
1000,12,6,129,189,638.677734375,166.9013214111328,442.32330322265625,21.892250061035156,9.4423189163208,18.305692672729492,33.49246597290039,35.327911376953125,GCN,3,2024-05-04
100,24,6,84,100,637.7511596679688,165.57745361328125,440.8108825683594,21.88926124572754,9.478962898254395,18.218059539794922,33.739463806152344,35.327911376953125,GCN,3,2024-05-04
200,24,6,84,144,637.7511596679688,165.57745361328125,440.8108825683594,21.88926124572754,9.478962898254395,18.218059539794922,33.739463806152344,35.327911376953125,GCN,3,2024-05-04
400,24,6,84,144,637.7511596679688,165.57745361328125,440.8108825683594,21.88926124572754,9.478962898254395,18.218059539794922,33.739463806152344,35.327911376953125,GCN,3,2024-05-04
500,24,6,84,144,637.7511596679688,165.57745361328125,440.8108825683594,21.88926124572754,9.478962898254395,18.218059539794922,33.739463806152344,35.327911376953125,GCN,3,2024-05-04
1000,24,6,84,144,637.7511596679688,165.57745361328125,440.8108825683594,21.88926124572754,9.478962898254395,18.218059539794922,33.739463806152344,35.327911376953125,GCN,3,2024-05-04
100,2,2,100,100,1338.599853515625,967.9752807617188,1130.5618896484375,27.675355911254883,26.64036750793457,26.571664810180664,4.395132541656494,35.327911376953125,GCN,61,2024-05-04
200,2,2,200,200,1080.1131591796875,702.8673706054688,884.8384399414062,25.42143440246582,22.038536071777344,24.76059341430664,9.949929237365723,35.327911376953125,GCN,61,2024-05-04
400,2,2,400,400,666.9497680664062,268.3578186035156,512.8244018554688,21.97183609008789,11.131524085998535,20.62779426574707,27.858732223510742,35.327911376953125,GCN,61,2024-05-04
500,2,2,500,500,660.3440551757812,258.9549255371094,511.61077880859375,22.065196990966797,11.131525993347168,20.08624267578125,30.205455780029297,35.327911376953125,GCN,61,2024-05-04
1000,2,2,707,767,660.2892456054688,258.6212463378906,512.093505859375,22.09239959716797,11.131525993347168,20.032255172729492,30.43939971923828,35.327911376953125,GCN,61,2024-05-04
100,6,2,100,100,1277.032470703125,904.9655151367188,1071.775146484375,27.11803436279297,25.430288314819336,26.10624885559082,5.6052141189575195,35.327911376953125,GCN,61,2024-05-04
200,6,2,200,200,855.6103515625,470.6005554199219,675.302734375,23.178363800048828,17.69595718383789,23.257387161254883,16.463796615600586,35.327911376953125,GCN,61,2024-05-04
400,6,2,400,400,660.292236328125,258.6900329589844,511.9698791503906,22.085987091064453,11.131524085998535,20.04498291015625,30.384244918823242,35.327911376953125,GCN,61,2024-05-04
500,6,2,491,500,660.2891845703125,258.6210632324219,512.0938720703125,22.092416763305664,11.131524085998535,20.03221893310547,30.439558029174805,35.327911376953125,GCN,61,2024-05-04
1000,6,2,491,551,660.2891845703125,258.6210632324219,512.0938720703125,22.092416763305664,11.131524085998535,20.03221893310547,30.439558029174805,35.327911376953125,GCN,61,2024-05-04
100,12,2,100,100,1085.119140625,708.0184936523438,889.564453125,25.46392059326172,22.119733810424805,24.788698196411133,9.828131675720215,35.327911376953125,GCN,61,2024-05-04
200,12,2,200,200,672.4442749023438,274.9317932128906,516.2381591796875,21.992897033691406,11.131523132324219,20.836780548095703,26.95311737060547,35.327911376953125,GCN,61,2024-05-04
400,12,2,290,350,660.2896728515625,258.5975036621094,512.1404418945312,22.094758987426758,11.131524085998535,20.027576446533203,30.459672927856445,35.327911376953125,GCN,61,2024-05-04
500,12,2,290,350,660.2896728515625,258.5975036621094,512.1404418945312,22.094758987426758,11.131524085998535,20.027576446533203,30.459672927856445,35.327911376953125,GCN,61,2024-05-04
1000,12,2,290,350,660.2896728515625,258.5975036621094,512.1404418945312,22.094758987426758,11.131524085998535,20.027576446533203,30.459672927856445,35.327911376953125,GCN,61,2024-05-04
100,24,2,100,100,956.804931640625,575.6615600585938,769.043701171875,24.28074836730957,19.858551025390625,24.005979537963867,13.219901084899902,35.327911376953125,GCN,61,2024-05-04
200,24,2,200,200,660.2892456054688,258.62017822265625,512.0955810546875,22.092506408691406,11.131523132324219,20.032047271728516,30.44029426574707,35.327911376953125,GCN,61,2024-05-04
400,24,2,215,275,660.3087768554688,258.473876953125,512.4349365234375,22.10869026184082,11.131524085998535,19.999927520751953,30.579483032226562,35.327911376953125,GCN,61,2024-05-04
500,24,2,215,275,660.3087768554688,258.473876953125,512.4349365234375,22.10869026184082,11.131524085998535,19.999927520751953,30.579483032226562,35.327911376953125,GCN,61,2024-05-04
1000,24,2,215,275,660.3087768554688,258.473876953125,512.4349365234375,22.10869026184082,11.131524085998535,19.999927520751953,30.579483032226562,35.327911376953125,GCN,61,2024-05-04
100,2,4,100,100,1592.87451171875,1227.6060791015625,1374.5106201171875,30.53825569152832,31.134225845336914,29.389400482177734,-0.09872554987668991,35.327911376953125,GCN,61,2024-05-04
200,2,4,200,200,1586.7894287109375,1221.40234375,1368.6551513671875,30.4384708404541,31.034439086914062,29.28961181640625,0.0010642489651218057,35.327911376953125,GCN,61,2024-05-04
400,2,4,400,400,1574.7069091796875,1209.0823974609375,1357.0303955078125,30.23933982849121,30.835311889648438,29.090484619140625,0.2001902461051941,35.327911376953125,GCN,61,2024-05-04
500,2,4,500,500,1568.7086181640625,1202.9654541015625,1351.260009765625,30.139995574951172,30.735963821411133,28.991138458251953,0.2995365262031555,35.327911376953125,GCN,61,2024-05-04
1000,2,4,1000,1000,1539.129150390625,1172.7962646484375,1322.8175048828125,29.68462371826172,30.2412052154541,28.496376037597656,0.7942983508110046,35.327911376953125,GCN,61,2024-05-04
100,6,4,100,100,1574.495849609375,1208.8668212890625,1356.8270263671875,30.2358455657959,30.831817626953125,29.086994171142578,0.20368561148643494,35.327911376953125,GCN,61,2024-05-04
200,6,4,200,200,1568.4713134765625,1202.7235107421875,1351.0318603515625,30.136056900024414,30.732027053833008,28.987201690673828,0.30347326397895813,35.327911376953125,GCN,61,2024-05-04
400,6,4,400,400,1556.5096435546875,1190.524658203125,1339.52783203125,29.941598892211914,30.532913208007812,28.7880859375,0.5025904178619385,35.327911376953125,GCN,61,2024-05-04
500,6,4,500,500,1550.57177734375,1184.46826171875,1333.8182373046875,29.848730087280273,30.43357276916504,28.68874740600586,0.6019302010536194,35.327911376953125,GCN,61,2024-05-04
1000,6,4,1000,1000,1521.2945556640625,1154.6014404296875,1305.677734375,29.44538116455078,29.93886375427246,28.212068557739258,1.0966393947601318,35.327911376953125,GCN,61,2024-05-04
100,12,4,100,100,1457.7371826171875,1089.7283935546875,1244.6563720703125,28.802385330200195,28.8350887298584,27.436431884765625,2.2004125118255615,35.327911376953125,GCN,61,2024-05-04
200,12,4,179,200,660.513671875,258.2808532714844,513.406982421875,22.147510528564453,11.131523132324219,19.922883987426758,30.91334342956543,35.327911376953125,GCN,61,2024-05-04
400,12,4,203,263,660.6664428710938,258.2662658691406,513.8822631835938,22.16383171081543,11.1315279006958,19.89048957824707,31.05371856689453,35.327911376953125,GCN,61,2024-05-04
500,12,4,203,263,660.6664428710938,258.2662658691406,513.8822631835938,22.16383171081543,11.1315279006958,19.89048957824707,31.05371856689453,35.327911376953125,GCN,61,2024-05-04
1000,12,4,203,263,660.6664428710938,258.2662658691406,513.8822631835938,22.16383171081543,11.1315279006958,19.89048957824707,31.05371856689453,35.327911376953125,GCN,61,2024-05-04
100,24,4,87,100,660.3294677734375,258.422119140625,512.5952758789062,22.11575698852539,11.131525993347168,19.98590087890625,30.640254974365234,35.327911376953125,GCN,61,2024-05-04
200,24,4,107,167,660.6647338867188,258.2662048339844,513.8775024414062,22.163677215576172,11.131524085998535,19.890796661376953,31.0523738861084,35.327911376953125,GCN,61,2024-05-04
400,24,4,107,167,660.6647338867188,258.2662048339844,513.8775024414062,22.163677215576172,11.131524085998535,19.890796661376953,31.0523738861084,35.327911376953125,GCN,61,2024-05-04
500,24,4,107,167,660.6647338867188,258.2662048339844,513.8775024414062,22.163677215576172,11.131524085998535,19.890796661376953,31.0523738861084,35.327911376953125,GCN,61,2024-05-04
1000,24,4,107,167,660.6647338867188,258.2662048339844,513.8775024414062,22.163677215576172,11.131524085998535,19.890796661376953,31.0523738861084,35.327911376953125,GCN,61,2024-05-04
100,2,6,100,100,1549.316650390625,1183.1883544921875,1332.6114501953125,29.829647064208984,30.41253662109375,28.667707443237305,0.622967541217804,35.327911376953125,GCN,61,2024-05-04
200,2,6,200,200,1527.6231689453125,1161.0579833984375,1311.7586669921875,29.526325225830078,30.04650115966797,28.30314826965332,0.989001989364624,35.327911376953125,GCN,61,2024-05-04
400,2,6,400,400,1433.1507568359375,1064.6192626953125,1221.078125,28.567718505859375,28.396360397338867,27.247047424316406,2.6391429901123047,35.327911376953125,GCN,61,2024-05-04
500,2,6,500,500,1350.4481201171875,980.0934448242188,1141.8897705078125,27.78596305847168,26.866846084594727,26.65877342224121,4.1686553955078125,35.327911376953125,GCN,61,2024-05-04
1000,2,6,1000,1000,825.0245971679688,438.655029296875,647.3381958007812,22.88678741455078,16.9354190826416,22.994123458862305,17.604604721069336,35.327911376953125,GCN,61,2024-05-04
100,6,6,100,100,1532.36669921875,1165.8978271484375,1316.317626953125,29.591609954833984,30.126928329467773,28.38210105895996,0.9085749387741089,35.327911376953125,GCN,61,2024-05-04
200,6,6,200,200,1479.0970458984375,1111.5360107421875,1265.1529541015625,29.003341674804688,29.210786819458008,27.643449783325195,1.8247151374816895,35.327911376953125,GCN,61,2024-05-04
400,6,6,400,400,1216.5198974609375,842.9629516601562,1014.1338500976562,26.56580352783203,24.180511474609375,25.625568389892578,6.854991436004639,35.327911376953125,GCN,61,2024-05-04
500,6,6,500,500,1012.4365234375,633.1358032226562,821.1231079101562,24.82003402709961,20.889190673828125,24.362741470336914,11.673944473266602,35.327911376953125,GCN,61,2024-05-04
1000,6,6,1000,1000,660.3887329101562,259.0967712402344,511.4683837890625,22.05572509765625,11.131525993347168,20.10504150390625,30.123992919921875,35.327911376953125,GCN,61,2024-05-04
100,12,6,100,100,1258.936767578125,886.4321899414062,1054.522705078125,26.95585060119629,25.063247680664062,25.965078353881836,5.972256660461426,35.327911376953125,GCN,61,2024-05-04
200,12,6,148,200,660.7892456054688,258.2782897949219,514.21875,22.174646377563477,11.131525993347168,19.869028091430664,31.146703720092773,35.327911376953125,GCN,61,2024-05-04
400,12,6,148,208,660.7892456054688,258.2782897949219,514.21875,22.174646377563477,11.131525993347168,19.869028091430664,31.146703720092773,35.327911376953125,GCN,61,2024-05-04
500,12,6,148,208,660.7892456054688,258.2782897949219,514.21875,22.174646377563477,11.131525993347168,19.869028091430664,31.146703720092773,35.327911376953125,GCN,61,2024-05-04
1000,12,6,148,208,660.7892456054688,258.2782897949219,514.21875,22.174646377563477,11.131525993347168,19.869028091430664,31.146703720092773,35.327911376953125,GCN,61,2024-05-04
100,24,6,91,100,660.5429077148438,258.2744445800781,513.5048217773438,22.150983810424805,11.131525993347168,19.91598892211914,30.943218231201172,35.327911376953125,GCN,61,2024-05-04
200,24,6,113,173,660.6476440429688,258.2658996582031,513.8280029296875,22.16203498840332,11.131525993347168,19.89405632019043,31.038253784179688,35.327911376953125,GCN,61,2024-05-04
400,24,6,113,173,660.6476440429688,258.2658996582031,513.8280029296875,22.16203498840332,11.131525993347168,19.89405632019043,31.038253784179688,35.327911376953125,GCN,61,2024-05-04
500,24,6,113,173,660.6476440429688,258.2658996582031,513.8280029296875,22.16203498840332,11.131525993347168,19.89405632019043,31.038253784179688,35.327911376953125,GCN,61,2024-05-04
1000,24,6,113,173,660.6476440429688,258.2658996582031,513.8280029296875,22.16203498840332,11.131525993347168,19.89405632019043,31.038253784179688,35.327911376953125,GCN,61,2024-05-04
100,2,2,100,100,0.20335783064365387,0.06317000836133957,0.17211979627609253,0.3510761559009552,0.21710097789764404,0.33307912945747375,0.33205899596214294,1.3670921325683594,GCN,2,2025-01-12
200,2,2,151,200,0.2015567570924759,0.0629630982875824,0.171068012714386,0.3474951982498169,0.21599125862121582,0.3303884267807007,0.33057940006256104,1.3670921325683594,GCN,2,2025-01-12
400,2,2,151,211,0.2015567570924759,0.0629630982875824,0.171068012714386,0.3474951982498169,0.21599125862121582,0.3303884267807007,0.33057940006256104,1.3670921325683594,GCN,2,2025-01-12
500,2,2,151,211,0.2015567570924759,0.0629630982875824,0.171068012714386,0.3474951982498169,0.21599125862121582,0.3303884267807007,0.33057940006256104,1.3670921325683594,GCN,2,2025-01-12
1000,2,2,151,211,0.2015567570924759,0.0629630982875824,0.171068012714386,0.3474951982498169,0.21599125862121582,0.3303884267807007,0.33057940006256104,1.3670921325683594,GCN,2,2025-01-12
100,6,2,20,80,0.20751075446605682,0.06543832272291183,0.1763656735420227,0.35201743245124817,0.2168097048997879,0.32901036739349365,0.3198995590209961,1.3670921325683594,GCN,2,2025-01-12
200,6,2,20,80,0.20751075446605682,0.06543832272291183,0.1763656735420227,0.35201743245124817,0.2168097048997879,0.32901036739349365,0.3198995590209961,1.3670921325683594,GCN,2,2025-01-12
400,6,2,20,80,0.20751075446605682,0.06543832272291183,0.1763656735420227,0.35201743245124817,0.2168097048997879,0.32901036739349365,0.3198995590209961,1.3670921325683594,GCN,2,2025-01-12
500,6,2,20,80,0.20751075446605682,0.06543832272291183,0.1763656735420227,0.35201743245124817,0.2168097048997879,0.32901036739349365,0.3198995590209961,1.3670921325683594,GCN,2,2025-01-12
1000,6,2,20,80,0.20751075446605682,0.06543832272291183,0.1763656735420227,0.35201743245124817,0.2168097048997879,0.32901036739349365,0.3198995590209961,1.3670921325683594,GCN,2,2025-01-12
100,12,2,76,100,0.2156483232975006,0.07614355534315109,0.18191316723823547,0.3639463484287262,0.20564603805541992,0.33536073565483093,0.2991296648979187,1.3670921325683594,GCN,2,2025-01-12
200,12,2,76,136,0.2156483232975006,0.07614355534315109,0.18191316723823547,0.3639463484287262,0.20564603805541992,0.33536073565483093,0.2991296648979187,1.3670921325683594,GCN,2,2025-01-12
400,12,2,76,136,0.2156483232975006,0.07614355534315109,0.18191316723823547,0.3639463484287262,0.20564603805541992,0.33536073565483093,0.2991296648979187,1.3670921325683594,GCN,2,2025-01-12
500,12,2,76,136,0.2156483232975006,0.07614355534315109,0.18191316723823547,0.3639463484287262,0.20564603805541992,0.33536073565483093,0.2991296648979187,1.3670921325683594,GCN,2,2025-01-12
1000,12,2,76,136,0.2156483232975006,0.07614355534315109,0.18191316723823547,0.3639463484287262,0.20564603805541992,0.33536073565483093,0.2991296648979187,1.3670921325683594,GCN,2,2025-01-12
100,24,2,29,89,0.21264854073524475,0.0704236552119255,0.1809985339641571,0.35586488246917725,0.20936910808086395,0.3314877152442932,0.30264782905578613,1.3670921325683594,GCN,2,2025-01-12
200,24,2,29,89,0.21264854073524475,0.0704236552119255,0.1809985339641571,0.35586488246917725,0.20936910808086395,0.3314877152442932,0.30264782905578613,1.3670921325683594,GCN,2,2025-01-12
400,24,2,29,89,0.21264854073524475,0.0704236552119255,0.1809985339641571,0.35586488246917725,0.20936910808086395,0.3314877152442932,0.30264782905578613,1.3670921325683594,GCN,2,2025-01-12
500,24,2,29,89,0.21264854073524475,0.0704236552119255,0.1809985339641571,0.35586488246917725,0.20936910808086395,0.3314877152442932,0.30264782905578613,1.3670921325683594,GCN,2,2025-01-12
1000,24,2,29,89,0.21264854073524475,0.0704236552119255,0.1809985339641571,0.35586488246917725,0.20936910808086395,0.3314877152442932,0.30264782905578613,1.3670921325683594,GCN,2,2025-01-12
100,2,4,100,100,0.3617500066757202,0.2511681318283081,0.4008641541004181,0.39362895488739014,0.42985376715660095,0.4768161177635193,-0.10242560505867004,1.3670921325683594,GCN,2,2025-01-12
200,2,4,200,200,0.30180370807647705,0.18503369390964508,0.3267074227333069,0.30821654200553894,0.34444138407707214,0.3914036750793457,-0.01701318472623825,1.3670921325683594,GCN,2,2025-01-12
400,2,4,400,400,0.2366451472043991,0.11005989462137222,0.23900897800922394,0.28542646765708923,0.2089642435312271,0.328125923871994,0.11846394836902618,1.3670921325683594,GCN,2,2025-01-12
500,2,4,500,500,0.22188444435596466,0.09168059378862381,0.2159385085105896,0.29762399196624756,0.19375483691692352,0.3207947015762329,0.16841010749340057,1.3670921325683594,GCN,2,2025-01-12
1000,2,4,990,1000,0.20696590840816498,0.06878114491701126,0.18269246816635132,0.3322490453720093,0.19998550415039062,0.3174121677875519,0.2785682678222656,1.3670921325683594,GCN,2,2025-01-12
100,6,4,100,100,0.21646158397197723,0.0844804048538208,0.20643417537212372,0.3038995563983917,0.19375483691692352,0.3189076781272888,0.19294190406799316,1.3670921325683594,GCN,2,2025-01-12
200,6,4,199,200,0.20853246748447418,0.07244238257408142,0.18906928598880768,0.3208281397819519,0.19375483691692352,0.31495335698127747,0.2496558278799057,1.3670921325683594,GCN,2,2025-01-12
400,6,4,392,400,0.20681984722614288,0.06798653304576874,0.18105711042881012,0.33578798174858093,0.20296931266784668,0.3194778859615326,0.2875197231769562,1.3670921325683594,GCN,2,2025-01-12
500,6,4,469,500,0.20680737495422363,0.06778319925069809,0.18060633540153503,0.3368294835090637,0.20384745299816132,0.3200858235359192,0.2901540994644165,1.3670921325683594,GCN,2,2025-01-12
1000,6,4,469,529,0.20680737495422363,0.06778319925069809,0.18060633540153503,0.3368294835090637,0.20384745299816132,0.3200858235359192,0.2901540994644165,1.3670921325683594,GCN,2,2025-01-12
100,12,4,59,100,0.20710831880569458,0.0679345354437828,0.18050852417945862,0.3382883369922638,0.20510172843933105,0.3211054503917694,0.2931145429611206,1.3670921325683594,GCN,2,2025-01-12
200,12,4,59,119,0.20710831880569458,0.0679345354437828,0.18050852417945862,0.3382883369922638,0.20510172843933105,0.3211054503917694,0.2931145429611206,1.3670921325683594,GCN,2,2025-01-12
400,12,4,59,119,0.20710831880569458,0.0679345354437828,0.18050852417945862,0.3382883369922638,0.20510172843933105,0.3211054503917694,0.2931145429611206,1.3670921325683594,GCN,2,2025-01-12
500,12,4,59,119,0.20710831880569458,0.0679345354437828,0.18050852417945862,0.3382883369922638,0.20510172843933105,0.3211054503917694,0.2931145429611206,1.3670921325683594,GCN,2,2025-01-12
1000,12,4,59,119,0.20710831880569458,0.0679345354437828,0.18050852417945862,0.3382883369922638,0.20510172843933105,0.3211054503917694,0.2931145429611206,1.3670921325683594,GCN,2,2025-01-12
100,24,4,23,83,0.21247224509716034,0.07190650701522827,0.1798037737607956,0.357937753200531,0.20954884588718414,0.3320765197277069,0.3086327016353607,1.3670921325683594,GCN,2,2025-01-12
200,24,4,23,83,0.21247224509716034,0.07190650701522827,0.1798037737607956,0.357937753200531,0.20954884588718414,0.3320765197277069,0.3086327016353607,1.3670921325683594,GCN,2,2025-01-12
400,24,4,23,83,0.21247224509716034,0.07190650701522827,0.1798037737607956,0.357937753200531,0.20954884588718414,0.3320765197277069,0.3086327016353607,1.3670921325683594,GCN,2,2025-01-12
500,24,4,23,83,0.21247224509716034,0.07190650701522827,0.1798037737607956,0.357937753200531,0.20954884588718414,0.3320765197277069,0.3086327016353607,1.3670921325683594,GCN,2,2025-01-12
1000,24,4,23,83,0.21247224509716034,0.07190650701522827,0.1798037737607956,0.357937753200531,0.20954884588718414,0.3320765197277069,0.3086327016353607,1.3670921325683594,GCN,2,2025-01-12
100,2,6,5,65,0.20689333975315094,0.06776982545852661,0.17530593276023865,0.35668057203292847,0.21189308166503906,0.33117058873176575,0.3102221190929413,1.3670921325683594,GCN,2,2025-01-12
200,2,6,5,65,0.20689333975315094,0.06776982545852661,0.17530593276023865,0.35668057203292847,0.21189308166503906,0.33117058873176575,0.3102221190929413,1.3670921325683594,GCN,2,2025-01-12
400,2,6,5,65,0.20689333975315094,0.06776982545852661,0.17530593276023865,0.35668057203292847,0.21189308166503906,0.33117058873176575,0.3102221190929413,1.3670921325683594,GCN,2,2025-01-12
500,2,6,5,65,0.20689333975315094,0.06776982545852661,0.17530593276023865,0.35668057203292847,0.21189308166503906,0.33117058873176575,0.3102221190929413,1.3670921325683594,GCN,2,2025-01-12
1000,2,6,5,65,0.20689333975315094,0.06776982545852661,0.17530593276023865,0.35668057203292847,0.21189308166503906,0.33117058873176575,0.3102221190929413,1.3670921325683594,GCN,2,2025-01-12
100,6,6,16,76,0.20736026763916016,0.0666990876197815,0.1750173270702362,0.3545414209365845,0.21288585662841797,0.3294702172279358,0.3178311586380005,1.3670921325683594,GCN,2,2025-01-12
200,6,6,16,76,0.20736026763916016,0.0666990876197815,0.1750173270702362,0.3545414209365845,0.21288585662841797,0.3294702172279358,0.3178311586380005,1.3670921325683594,GCN,2,2025-01-12
400,6,6,16,76,0.20736026763916016,0.0666990876197815,0.1750173270702362,0.3545414209365845,0.21288585662841797,0.3294702172279358,0.3178311586380005,1.3670921325683594,GCN,2,2025-01-12
500,6,6,16,76,0.20736026763916016,0.0666990876197815,0.1750173270702362,0.3545414209365845,0.21288585662841797,0.3294702172279358,0.3178311586380005,1.3670921325683594,GCN,2,2025-01-12
1000,6,6,16,76,0.20736026763916016,0.0666990876197815,0.1750173270702362,0.3545414209365845,0.21288585662841797,0.3294702172279358,0.3178311586380005,1.3670921325683594,GCN,2,2025-01-12
100,12,6,31,91,0.2059485912322998,0.06771143525838852,0.1784805953502655,0.34337136149406433,0.20524859428405762,0.32388147711753845,0.2915681004524231,1.3670921325683594,GCN,2,2025-01-12
200,12,6,31,91,0.2059485912322998,0.06771143525838852,0.1784805953502655,0.34337136149406433,0.20524859428405762,0.32388147711753845,0.2915681004524231,1.3670921325683594,GCN,2,2025-01-12
400,12,6,31,91,0.2059485912322998,0.06771143525838852,0.1784805953502655,0.34337136149406433,0.20524859428405762,0.32388147711753845,0.2915681004524231,1.3670921325683594,GCN,2,2025-01-12
500,12,6,31,91,0.2059485912322998,0.06771143525838852,0.1784805953502655,0.34337136149406433,0.20524859428405762,0.32388147711753845,0.2915681004524231,1.3670921325683594,GCN,2,2025-01-12
1000,12,6,31,91,0.2059485912322998,0.06771143525838852,0.1784805953502655,0.34337136149406433,0.20524859428405762,0.32388147711753845,0.2915681004524231,1.3670921325683594,GCN,2,2025-01-12
100,24,6,36,96,0.21468450129032135,0.07618142664432526,0.18228864669799805,0.36400097608566284,0.2058219164609909,0.3357715904712677,0.2909768223762512,1.3670921325683594,GCN,2,2025-01-12
200,24,6,36,96,0.21468450129032135,0.07618142664432526,0.18228864669799805,0.36400097608566284,0.2058219164609909,0.3357715904712677,0.2909768223762512,1.3670921325683594,GCN,2,2025-01-12
400,24,6,36,96,0.21468450129032135,0.07618142664432526,0.18228864669799805,0.36400097608566284,0.2058219164609909,0.3357715904712677,0.2909768223762512,1.3670921325683594,GCN,2,2025-01-12
500,24,6,36,96,0.21468450129032135,0.07618142664432526,0.18228864669799805,0.36400097608566284,0.2058219164609909,0.3357715904712677,0.2909768223762512,1.3670921325683594,GCN,2,2025-01-12
1000,24,6,36,96,0.21468450129032135,0.07618142664432526,0.18228864669799805,0.36400097608566284,0.2058219164609909,0.3357715904712677,0.2909768223762512,1.3670921325683594,GCN,2,2025-01-12
100,2,2,100,100,0.20339615643024445,0.05959722772240639,0.17330752313137054,0.3503684401512146,0.21269071102142334,0.33063364028930664,0.3307051956653595,1.3670921325683594,GCN,3,2025-01-12
200,2,2,156,200,0.20118077099323273,0.059394001960754395,0.17194293439388275,0.3463222086429596,0.21280618011951447,0.3283937871456146,0.3313659429550171,1.3670921325683594,GCN,3,2025-01-12
400,2,2,156,216,0.20118077099323273,0.059394001960754395,0.17194293439388275,0.3463222086429596,0.21280618011951447,0.3283937871456146,0.3313659429550171,1.3670921325683594,GCN,3,2025-01-12
500,2,2,156,216,0.20118077099323273,0.059394001960754395,0.17194293439388275,0.3463222086429596,0.21280618011951447,0.3283937871456146,0.3313659429550171,1.3670921325683594,GCN,3,2025-01-12
1000,2,2,156,216,0.20118077099323273,0.059394001960754395,0.17194293439388275,0.3463222086429596,0.21280618011951447,0.3283937871456146,0.3313659429550171,1.3670921325683594,GCN,3,2025-01-12
100,6,2,19,79,0.2092992663383484,0.0648028552532196,0.17504443228244781,0.3605572283267975,0.22100365161895752,0.3359329104423523,0.3409101963043213,1.3670921325683594,GCN,3,2025-01-12
200,6,2,19,79,0.2092992663383484,0.0648028552532196,0.17504443228244781,0.3605572283267975,0.22100365161895752,0.3359329104423523,0.3409101963043213,1.3670921325683594,GCN,3,2025-01-12
400,6,2,19,79,0.2092992663383484,0.0648028552532196,0.17504443228244781,0.3605572283267975,0.22100365161895752,0.3359329104423523,0.3409101963043213,1.3670921325683594,GCN,3,2025-01-12
500,6,2,19,79,0.2092992663383484,0.0648028552532196,0.17504443228244781,0.3605572283267975,0.22100365161895752,0.3359329104423523,0.3409101963043213,1.3670921325683594,GCN,3,2025-01-12
1000,6,2,19,79,0.2092992663383484,0.0648028552532196,0.17504443228244781,0.3605572283267975,0.22100365161895752,0.3359329104423523,0.3409101963043213,1.3670921325683594,GCN,3,2025-01-12
100,12,2,68,100,0.22699479758739471,0.05675359442830086,0.17462286353111267,0.38299360871315,0.19309711456298828,0.33683016896247864,0.3592928647994995,1.3670921325683594,GCN,3,2025-01-12
200,12,2,68,128,0.22699479758739471,0.05675359442830086,0.17462286353111267,0.38299360871315,0.19309711456298828,0.33683016896247864,0.3592928647994995,1.3670921325683594,GCN,3,2025-01-12
400,12,2,68,128,0.22699479758739471,0.05675359442830086,0.17462286353111267,0.38299360871315,0.19309711456298828,0.33683016896247864,0.3592928647994995,1.3670921325683594,GCN,3,2025-01-12
500,12,2,68,128,0.22699479758739471,0.05675359442830086,0.17462286353111267,0.38299360871315,0.19309711456298828,0.33683016896247864,0.3592928647994995,1.3670921325683594,GCN,3,2025-01-12
1000,12,2,68,128,0.22699479758739471,0.05675359442830086,0.17462286353111267,0.38299360871315,0.19309711456298828,0.33683016896247864,0.3592928647994995,1.3670921325683594,GCN,3,2025-01-12
100,24,2,11,71,0.2178429216146469,0.06290963292121887,0.17717687785625458,0.3678944408893585,0.20664316415786743,0.33399468660354614,0.3353725075721741,1.3670921325683594,GCN,3,2025-01-12
200,24,2,11,71,0.2178429216146469,0.06290963292121887,0.17717687785625458,0.3678944408893585,0.20664316415786743,0.33399468660354614,0.3353725075721741,1.3670921325683594,GCN,3,2025-01-12
400,24,2,11,71,0.2178429216146469,0.06290963292121887,0.17717687785625458,0.3678944408893585,0.20664316415786743,0.33399468660354614,0.3353725075721741,1.3670921325683594,GCN,3,2025-01-12
500,24,2,11,71,0.2178429216146469,0.06290963292121887,0.17717687785625458,0.3678944408893585,0.20664316415786743,0.33399468660354614,0.3353725075721741,1.3670921325683594,GCN,3,2025-01-12
1000,24,2,11,71,0.2178429216146469,0.06290963292121887,0.17717687785625458,0.3678944408893585,0.20664316415786743,0.33399468660354614,0.3353725075721741,1.3670921325683594,GCN,3,2025-01-12
100,2,4,100,100,0.3617500066757202,0.2511681318283081,0.4008641541004181,0.39362895488739014,0.42985376715660095,0.4768161177635193,-0.10242560505867004,1.3670921325683594,GCN,3,2025-01-12
200,2,4,200,200,0.30180370807647705,0.18503369390964508,0.3267074227333069,0.30821654200553894,0.34444138407707214,0.3914036750793457,-0.01701318472623825,1.3670921325683594,GCN,3,2025-01-12
400,2,4,400,400,0.2366451472043991,0.11005989462137222,0.23900897800922394,0.28542646765708923,0.2089642435312271,0.328125923871994,0.11846394836902618,1.3670921325683594,GCN,3,2025-01-12
500,2,4,500,500,0.22188444435596466,0.09168059378862381,0.2159385085105896,0.29762399196624756,0.19375483691692352,0.3207947015762329,0.16841010749340057,1.3670921325683594,GCN,3,2025-01-12
1000,2,4,990,1000,0.20696590840816498,0.06878114491701126,0.18269246816635132,0.3322490453720093,0.19998550415039062,0.3174121677875519,0.2785682678222656,1.3670921325683594,GCN,3,2025-01-12
100,6,4,100,100,0.21646158397197723,0.0844804048538208,0.20643417537212372,0.3038995563983917,0.19375483691692352,0.3189076781272888,0.19294190406799316,1.3670921325683594,GCN,3,2025-01-12
200,6,4,199,200,0.20853246748447418,0.07244238257408142,0.18906928598880768,0.3208281397819519,0.19375483691692352,0.31495335698127747,0.2496558278799057,1.3670921325683594,GCN,3,2025-01-12
400,6,4,392,400,0.20681984722614288,0.06798653304576874,0.18105711042881012,0.33578798174858093,0.20296931266784668,0.3194778859615326,0.2875197231769562,1.3670921325683594,GCN,3,2025-01-12
500,6,4,469,500,0.20680737495422363,0.06778319925069809,0.18060633540153503,0.3368294835090637,0.20384745299816132,0.3200858235359192,0.2901540994644165,1.3670921325683594,GCN,3,2025-01-12
1000,6,4,469,529,0.20680737495422363,0.06778319925069809,0.18060633540153503,0.3368294835090637,0.20384745299816132,0.3200858235359192,0.2901540994644165,1.3670921325683594,GCN,3,2025-01-12
100,12,4,59,100,0.207183837890625,0.06835915893316269,0.18116220831871033,0.3359849452972412,0.20311176776885986,0.31953737139701843,0.28769785165786743,1.3670921325683594,GCN,3,2025-01-12
200,12,4,59,119,0.207183837890625,0.06835915893316269,0.18116220831871033,0.3359849452972412,0.20311176776885986,0.31953737139701843,0.28769785165786743,1.3670921325683594,GCN,3,2025-01-12
400,12,4,59,119,0.207183837890625,0.06835915893316269,0.18116220831871033,0.3359849452972412,0.20311176776885986,0.31953737139701843,0.28769785165786743,1.3670921325683594,GCN,3,2025-01-12
500,12,4,59,119,0.207183837890625,0.06835915893316269,0.18116220831871033,0.3359849452972412,0.20311176776885986,0.31953737139701843,0.28769785165786743,1.3670921325683594,GCN,3,2025-01-12
1000,12,4,59,119,0.207183837890625,0.06835915893316269,0.18116220831871033,0.3359849452972412,0.20311176776885986,0.31953737139701843,0.28769785165786743,1.3670921325683594,GCN,3,2025-01-12
100,24,4,16,76,0.21861261129379272,0.06079493463039398,0.1755083203315735,0.36801445484161377,0.20137576758861542,0.33204254508018494,0.33932819962501526,1.3670921325683594,GCN,3,2025-01-12
200,24,4,16,76,0.21861261129379272,0.06079493463039398,0.1755083203315735,0.36801445484161377,0.20137576758861542,0.33204254508018494,0.33932819962501526,1.3670921325683594,GCN,3,2025-01-12
400,24,4,16,76,0.21861261129379272,0.06079493463039398,0.1755083203315735,0.36801445484161377,0.20137576758861542,0.33204254508018494,0.33932819962501526,1.3670921325683594,GCN,3,2025-01-12
500,24,4,16,76,0.21861261129379272,0.06079493463039398,0.1755083203315735,0.36801445484161377,0.20137576758861542,0.33204254508018494,0.33932819962501526,1.3670921325683594,GCN,3,2025-01-12
1000,24,4,16,76,0.21861261129379272,0.06079493463039398,0.1755083203315735,0.36801445484161377,0.20137576758861542,0.33204254508018494,0.33932819962501526,1.3670921325683594,GCN,3,2025-01-12
100,2,6,0,60,0.21119000017642975,0.0546695739030838,0.1728011518716812,0.3636050224304199,0.2010665386915207,0.33109205961227417,0.34251976013183594,1.3670921325683594,GCN,3,2025-01-12
200,2,6,0,60,0.21119000017642975,0.0546695739030838,0.1728011518716812,0.3636050224304199,0.2010665386915207,0.33109205961227417,0.34251976013183594,1.3670921325683594,GCN,3,2025-01-12
400,2,6,0,60,0.21119000017642975,0.0546695739030838,0.1728011518716812,0.3636050224304199,0.2010665386915207,0.33109205961227417,0.34251976013183594,1.3670921325683594,GCN,3,2025-01-12
500,2,6,0,60,0.21119000017642975,0.0546695739030838,0.1728011518716812,0.3636050224304199,0.2010665386915207,0.33109205961227417,0.34251976013183594,1.3670921325683594,GCN,3,2025-01-12
1000,2,6,0,60,0.21119000017642975,0.0546695739030838,0.1728011518716812,0.3636050224304199,0.2010665386915207,0.33109205961227417,0.34251976013183594,1.3670921325683594,GCN,3,2025-01-12
100,6,6,12,72,0.2102406919002533,0.05992123484611511,0.17345649003982544,0.3623577058315277,0.21087801456451416,0.3320937156677246,0.34396106004714966,1.3670921325683594,GCN,3,2025-01-12
200,6,6,12,72,0.2102406919002533,0.05992123484611511,0.17345649003982544,0.3623577058315277,0.21087801456451416,0.3320937156677246,0.34396106004714966,1.3670921325683594,GCN,3,2025-01-12
400,6,6,12,72,0.2102406919002533,0.05992123484611511,0.17345649003982544,0.3623577058315277,0.21087801456451416,0.3320937156677246,0.34396106004714966,1.3670921325683594,GCN,3,2025-01-12
500,6,6,12,72,0.2102406919002533,0.05992123484611511,0.17345649003982544,0.3623577058315277,0.21087801456451416,0.3320937156677246,0.34396106004714966,1.3670921325683594,GCN,3,2025-01-12
1000,6,6,12,72,0.2102406919002533,0.05992123484611511,0.17345649003982544,0.3623577058315277,0.21087801456451416,0.3320937156677246,0.34396106004714966,1.3670921325683594,GCN,3,2025-01-12
100,12,6,28,88,0.2074427306652069,0.06103852763772011,0.1787741333246231,0.34096455574035645,0.1959192305803299,0.32096031308174133,0.2964366376399994,1.3670921325683594,GCN,3,2025-01-12
200,12,6,28,88,0.2074427306652069,0.06103852763772011,0.1787741333246231,0.34096455574035645,0.1959192305803299,0.32096031308174133,0.2964366376399994,1.3670921325683594,GCN,3,2025-01-12
400,12,6,28,88,0.2074427306652069,0.06103852763772011,0.1787741333246231,0.34096455574035645,0.1959192305803299,0.32096031308174133,0.2964366376399994,1.3670921325683594,GCN,3,2025-01-12
500,12,6,28,88,0.2074427306652069,0.06103852763772011,0.1787741333246231,0.34096455574035645,0.1959192305803299,0.32096031308174133,0.2964366376399994,1.3670921325683594,GCN,3,2025-01-12
1000,12,6,28,88,0.2074427306652069,0.06103852763772011,0.1787741333246231,0.34096455574035645,0.1959192305803299,0.32096031308174133,0.2964366376399994,1.3670921325683594,GCN,3,2025-01-12
100,24,6,28,88,0.2256241738796234,0.05250333622097969,0.1742279827594757,0.3793019950389862,0.1866953819990158,0.3344399333000183,0.3487868905067444,1.3670921325683594,GCN,3,2025-01-12
200,24,6,28,88,0.2256241738796234,0.05250333622097969,0.1742279827594757,0.3793019950389862,0.1866953819990158,0.3344399333000183,0.3487868905067444,1.3670921325683594,GCN,3,2025-01-12
400,24,6,28,88,0.2256241738796234,0.05250333622097969,0.1742279827594757,0.3793019950389862,0.1866953819990158,0.3344399333000183,0.3487868905067444,1.3670921325683594,GCN,3,2025-01-12
500,24,6,28,88,0.2256241738796234,0.05250333622097969,0.1742279827594757,0.3793019950389862,0.1866953819990158,0.3344399333000183,0.3487868905067444,1.3670921325683594,GCN,3,2025-01-12
1000,24,6,28,88,0.2256241738796234,0.05250333622097969,0.1742279827594757,0.3793019950389862,0.1866953819990158,0.3344399333000183,0.3487868905067444,1.3670921325683594,GCN,3,2025-01-12
100,2,2,71,100,0.2089402824640274,0.06649325788021088,0.17487892508506775,0.3570285141468048,0.21959562599658966,0.33117741346359253,0.3373987078666687,1.3670921325683594,GCN,61,2025-01-12
200,2,2,71,131,0.2089402824640274,0.06649325788021088,0.17487892508506775,0.3570285141468048,0.21959562599658966,0.33117741346359253,0.3373987078666687,1.3670921325683594,GCN,61,2025-01-12
400,2,2,71,131,0.2089402824640274,0.06649325788021088,0.17487892508506775,0.3570285141468048,0.21959562599658966,0.33117741346359253,0.3373987078666687,1.3670921325683594,GCN,61,2025-01-12
500,2,2,71,131,0.2089402824640274,0.06649325788021088,0.17487892508506775,0.3570285141468048,0.21959562599658966,0.33117741346359253,0.3373987078666687,1.3670921325683594,GCN,61,2025-01-12
1000,2,2,71,131,0.2089402824640274,0.06649325788021088,0.17487892508506775,0.3570285141468048,0.21959562599658966,0.33117741346359253,0.3373987078666687,1.3670921325683594,GCN,61,2025-01-12
100,6,2,20,80,0.20822516083717346,0.06639591604471207,0.17558254301548004,0.35326066613197327,0.21675322949886322,0.32902055978775024,0.3288714587688446,1.3670921325683594,GCN,61,2025-01-12
200,6,2,20,80,0.20822516083717346,0.06639591604471207,0.17558254301548004,0.35326066613197327,0.21675322949886322,0.32902055978775024,0.3288714587688446,1.3670921325683594,GCN,61,2025-01-12
400,6,2,20,80,0.20822516083717346,0.06639591604471207,0.17558254301548004,0.35326066613197327,0.21675322949886322,0.32902055978775024,0.3288714587688446,1.3670921325683594,GCN,61,2025-01-12
500,6,2,20,80,0.20822516083717346,0.06639591604471207,0.17558254301548004,0.35326066613197327,0.21675322949886322,0.32902055978775024,0.3288714587688446,1.3670921325683594,GCN,61,2025-01-12
1000,6,2,20,80,0.20822516083717346,0.06639591604471207,0.17558254301548004,0.35326066613197327,0.21675322949886322,0.32902055978775024,0.3288714587688446,1.3670921325683594,GCN,61,2025-01-12
100,12,2,76,100,0.20842011272907257,0.06640942394733429,0.1753607839345932,0.3543674051761627,0.2175881266593933,0.3295985758304596,0.33137616515159607,1.3670921325683594,GCN,61,2025-01-12
200,12,2,76,136,0.20842011272907257,0.06640942394733429,0.1753607839345932,0.3543674051761627,0.2175881266593933,0.3295985758304596,0.33137616515159607,1.3670921325683594,GCN,61,2025-01-12
400,12,2,76,136,0.20842011272907257,0.06640942394733429,0.1753607839345932,0.3543674051761627,0.2175881266593933,0.3295985758304596,0.33137616515159607,1.3670921325683594,GCN,61,2025-01-12
500,12,2,76,136,0.20842011272907257,0.06640942394733429,0.1753607839345932,0.3543674051761627,0.2175881266593933,0.3295985758304596,0.33137616515159607,1.3670921325683594,GCN,61,2025-01-12
1000,12,2,76,136,0.20842011272907257,0.06640942394733429,0.1753607839345932,0.3543674051761627,0.2175881266593933,0.3295985758304596,0.33137616515159607,1.3670921325683594,GCN,61,2025-01-12
100,24,2,1,61,0.20758037269115448,0.06646444648504257,0.17657576501369476,0.34891030192375183,0.2134714126586914,0.3267485499382019,0.3190259337425232,1.3670921325683594,GCN,61,2025-01-12
200,24,2,1,61,0.20758037269115448,0.06646444648504257,0.17657576501369476,0.34891030192375183,0.2134714126586914,0.3267485499382019,0.3190259337425232,1.3670921325683594,GCN,61,2025-01-12
400,24,2,1,61,0.20758037269115448,0.06646444648504257,0.17657576501369476,0.34891030192375183,0.2134714126586914,0.3267485499382019,0.3190259337425232,1.3670921325683594,GCN,61,2025-01-12
500,24,2,1,61,0.20758037269115448,0.06646444648504257,0.17657576501369476,0.34891030192375183,0.2134714126586914,0.3267485499382019,0.3190259337425232,1.3670921325683594,GCN,61,2025-01-12
1000,24,2,1,61,0.20758037269115448,0.06646444648504257,0.17657576501369476,0.34891030192375183,0.2134714126586914,0.3267485499382019,0.3190259337425232,1.3670921325683594,GCN,61,2025-01-12
100,2,4,100,100,0.3617500066757202,0.2511681318283081,0.4008641541004181,0.39362895488739014,0.42985376715660095,0.4768161177635193,-0.10242560505867004,1.3670921325683594,GCN,61,2025-01-12
200,2,4,200,200,0.30180370807647705,0.18503369390964508,0.3267074227333069,0.30821654200553894,0.34444138407707214,0.3914036750793457,-0.01701318472623825,1.3670921325683594,GCN,61,2025-01-12
400,2,4,400,400,0.2366451472043991,0.11005989462137222,0.23900897800922394,0.28542646765708923,0.2089642435312271,0.328125923871994,0.11846394836902618,1.3670921325683594,GCN,61,2025-01-12
500,2,4,500,500,0.22188444435596466,0.09168059378862381,0.2159385085105896,0.29762399196624756,0.19375483691692352,0.3207947015762329,0.16841010749340057,1.3670921325683594,GCN,61,2025-01-12
1000,2,4,990,1000,0.20696590840816498,0.06878114491701126,0.18269246816635132,0.3322490453720093,0.19998550415039062,0.3174121677875519,0.2785682678222656,1.3670921325683594,GCN,61,2025-01-12
100,6,4,100,100,0.21646158397197723,0.0844804048538208,0.20643417537212372,0.3038995563983917,0.19375483691692352,0.3189076781272888,0.19294190406799316,1.3670921325683594,GCN,61,2025-01-12
200,6,4,199,200,0.20853246748447418,0.07244238257408142,0.18906928598880768,0.3208281397819519,0.19375483691692352,0.31495335698127747,0.2496558278799057,1.3670921325683594,GCN,61,2025-01-12
400,6,4,392,400,0.20681984722614288,0.06798653304576874,0.18105711042881012,0.33578798174858093,0.20296931266784668,0.3194778859615326,0.2875197231769562,1.3670921325683594,GCN,61,2025-01-12
500,6,4,469,500,0.20680737495422363,0.06778319925069809,0.18060633540153503,0.3368294835090637,0.20384745299816132,0.3200858235359192,0.2901540994644165,1.3670921325683594,GCN,61,2025-01-12
1000,6,4,469,529,0.20680737495422363,0.06778319925069809,0.18060633540153503,0.3368294835090637,0.20384745299816132,0.3200858235359192,0.2901540994644165,1.3670921325683594,GCN,61,2025-01-12
100,12,4,58,100,0.20688234269618988,0.06715027242898941,0.17905570566654205,0.3406923711299896,0.2071043699979782,0.32234060764312744,0.29992491006851196,1.3670921325683594,GCN,61,2025-01-12
200,12,4,58,118,0.20688234269618988,0.06715027242898941,0.17905570566654205,0.3406923711299896,0.2071043699979782,0.32234060764312744,0.29992491006851196,1.3670921325683594,GCN,61,2025-01-12
400,12,4,58,118,0.20688234269618988,0.06715027242898941,0.17905570566654205,0.3406923711299896,0.2071043699979782,0.32234060764312744,0.29992491006851196,1.3670921325683594,GCN,61,2025-01-12
500,12,4,58,118,0.20688234269618988,0.06715027242898941,0.17905570566654205,0.3406923711299896,0.2071043699979782,0.32234060764312744,0.29992491006851196,1.3670921325683594,GCN,61,2025-01-12
1000,12,4,58,118,0.20688234269618988,0.06715027242898941,0.17905570566654205,0.3406923711299896,0.2071043699979782,0.32234060764312744,0.29992491006851196,1.3670921325683594,GCN,61,2025-01-12
100,24,4,14,74,0.20791572332382202,0.06640235334634781,0.1759984791278839,0.35133418440818787,0.21529996395111084,0.32801443338394165,0.3245115876197815,1.3670921325683594,GCN,61,2025-01-12
200,24,4,14,74,0.20791572332382202,0.06640235334634781,0.1759984791278839,0.35133418440818787,0.21529996395111084,0.32801443338394165,0.3245115876197815,1.3670921325683594,GCN,61,2025-01-12
400,24,4,14,74,0.20791572332382202,0.06640235334634781,0.1759984791278839,0.35133418440818787,0.21529996395111084,0.32801443338394165,0.3245115876197815,1.3670921325683594,GCN,61,2025-01-12
500,24,4,14,74,0.20791572332382202,0.06640235334634781,0.1759984791278839,0.35133418440818787,0.21529996395111084,0.32801443338394165,0.3245115876197815,1.3670921325683594,GCN,61,2025-01-12
1000,24,4,14,74,0.20791572332382202,0.06640235334634781,0.1759984791278839,0.35133418440818787,0.21529996395111084,0.32801443338394165,0.3245115876197815,1.3670921325683594,GCN,61,2025-01-12
100,2,6,4,64,0.20880372822284698,0.06646555662155151,0.1749923825263977,0.3563646078109741,0.21909479796886444,0.3306416869163513,0.33589619398117065,1.3670921325683594,GCN,61,2025-01-12
200,2,6,4,64,0.20880372822284698,0.06646555662155151,0.1749923825263977,0.3563646078109741,0.21909479796886444,0.3306416869163513,0.33589619398117065,1.3670921325683594,GCN,61,2025-01-12
400,2,6,4,64,0.20880372822284698,0.06646555662155151,0.1749923825263977,0.3563646078109741,0.21909479796886444,0.3306416869163513,0.33589619398117065,1.3670921325683594,GCN,61,2025-01-12
500,2,6,4,64,0.20880372822284698,0.06646555662155151,0.1749923825263977,0.3563646078109741,0.21909479796886444,0.3306416869163513,0.33589619398117065,1.3670921325683594,GCN,61,2025-01-12
1000,2,6,4,64,0.20880372822284698,0.06646555662155151,0.1749923825263977,0.3563646078109741,0.21909479796886444,0.3306416869163513,0.33589619398117065,1.3670921325683594,GCN,61,2025-01-12
100,6,6,16,76,0.20830278098583221,0.06639989465475082,0.17549100518226624,0.3537099063396454,0.21709215641021729,0.32925525307655334,0.3298882246017456,1.3670921325683594,GCN,61,2025-01-12
200,6,6,16,76,0.20830278098583221,0.06639989465475082,0.17549100518226624,0.3537099063396454,0.21709215641021729,0.32925525307655334,0.3298882246017456,1.3670921325683594,GCN,61,2025-01-12
400,6,6,16,76,0.20830278098583221,0.06639989465475082,0.17549100518226624,0.3537099063396454,0.21709215641021729,0.32925525307655334,0.3298882246017456,1.3670921325683594,GCN,61,2025-01-12
500,6,6,16,76,0.20830278098583221,0.06639989465475082,0.17549100518226624,0.3537099063396454,0.21709215641021729,0.32925525307655334,0.3298882246017456,1.3670921325683594,GCN,61,2025-01-12
1000,6,6,16,76,0.20830278098583221,0.06639989465475082,0.17549100518226624,0.3537099063396454,0.21709215641021729,0.32925525307655334,0.3298882246017456,1.3670921325683594,GCN,61,2025-01-12
100,12,6,28,88,0.20695017278194427,0.06698088347911835,0.17857874929904938,0.34198686480522156,0.20819580554962158,0.32309624552726746,0.30319923162460327,1.3670921325683594,GCN,61,2025-01-12
200,12,6,28,88,0.20695017278194427,0.06698088347911835,0.17857874929904938,0.34198686480522156,0.20819580554962158,0.32309624552726746,0.30319923162460327,1.3670921325683594,GCN,61,2025-01-12
400,12,6,28,88,0.20695017278194427,0.06698088347911835,0.17857874929904938,0.34198686480522156,0.20819580554962158,0.32309624552726746,0.30319923162460327,1.3670921325683594,GCN,61,2025-01-12
500,12,6,28,88,0.20695017278194427,0.06698088347911835,0.17857874929904938,0.34198686480522156,0.20819580554962158,0.32309624552726746,0.30319923162460327,1.3670921325683594,GCN,61,2025-01-12
1000,12,6,28,88,0.20695017278194427,0.06698088347911835,0.17857874929904938,0.34198686480522156,0.20819580554962158,0.32309624552726746,0.30319923162460327,1.3670921325683594,GCN,61,2025-01-12
100,24,6,26,86,0.20757006108760834,0.06646759808063507,0.17659638822078705,0.3488282263278961,0.21340946853160858,0.326705664396286,0.3188402056694031,1.3670921325683594,GCN,61,2025-01-12
200,24,6,26,86,0.20757006108760834,0.06646759808063507,0.17659638822078705,0.3488282263278961,0.21340946853160858,0.326705664396286,0.3188402056694031,1.3670921325683594,GCN,61,2025-01-12
400,24,6,26,86,0.20757006108760834,0.06646759808063507,0.17659638822078705,0.3488282263278961,0.21340946853160858,0.326705664396286,0.3188402056694031,1.3670921325683594,GCN,61,2025-01-12
500,24,6,26,86,0.20757006108760834,0.06646759808063507,0.17659638822078705,0.3488282263278961,0.21340946853160858,0.326705664396286,0.3188402056694031,1.3670921325683594,GCN,61,2025-01-12
1000,24,6,26,86,0.20757006108760834,0.06646759808063507,0.17659638822078705,0.3488282263278961,0.21340946853160858,0.326705664396286,0.3188402056694031,1.3670921325683594,GCN,61,2025-01-12
100,2,2,100,100,0.07495136559009552,0.10239744186401367,0.08595580607652664,0.25945839285850525,0.2996613383293152,0.2923295497894287,0.3012860417366028,0.0,GCN,2,2025-02-08
200,2,2,200,200,0.05574183166027069,0.09232185035943985,0.06357567757368088,0.22347746789455414,0.26645639538764954,0.24927176535129547,0.2508302330970764,0.0,GCN,2,2025-02-08
400,2,2,391,400,0.039435140788555145,0.08642484992742538,0.04307565465569496,0.18532706797122955,0.22443191707134247,0.19595183432102203,0.18774870038032532,0.0,GCN,2,2025-02-08
500,2,2,430,490,0.03743064031004906,0.08622261136770248,0.04035399481654167,0.17903198301792145,0.21721281111240387,0.18678928911685944,0.17691867053508759,0.0,GCN,2,2025-02-08
1000,2,2,430,490,0.03743064031004906,0.08622261136770248,0.04035399481654167,0.17903198301792145,0.21721281111240387,0.18678928911685944,0.17691867053508759,0.0,GCN,2,2025-02-08
100,6,2,24,84,0.03870438039302826,0.09335967153310776,0.044983163475990295,0.18351870775222778,0.23835444450378418,0.2020571529865265,0.19844797253608704,0.0,GCN,2,2025-02-08
200,6,2,24,84,0.03870438039302826,0.09335967153310776,0.044983163475990295,0.18351870775222778,0.23835444450378418,0.2020571529865265,0.19844797253608704,0.0,GCN,2,2025-02-08
400,6,2,24,84,0.03870438039302826,0.09335967153310776,0.044983163475990295,0.18351870775222778,0.23835444450378418,0.2020571529865265,0.19844797253608704,0.0,GCN,2,2025-02-08
500,6,2,24,84,0.03870438039302826,0.09335967153310776,0.044983163475990295,0.18351870775222778,0.23835444450378418,0.2020571529865265,0.19844797253608704,0.0,GCN,2,2025-02-08
1000,6,2,24,84,0.03870438039302826,0.09335967153310776,0.044983163475990295,0.18351870775222778,0.23835444450378418,0.2020571529865265,0.19844797253608704,0.0,GCN,2,2025-02-08
100,12,2,96,100,0.04391402751207352,0.07850142568349838,0.044034555554389954,0.19484089314937592,0.21336394548416138,0.1970619261264801,0.18072429299354553,0.0,GCN,2,2025-02-08
200,12,2,96,156,0.04391402751207352,0.07850142568349838,0.044034555554389954,0.19484089314937592,0.21336394548416138,0.1970619261264801,0.18072429299354553,0.0,GCN,2,2025-02-08
400,12,2,96,156,0.04391402751207352,0.07850142568349838,0.044034555554389954,0.19484089314937592,0.21336394548416138,0.1970619261264801,0.18072429299354553,0.0,GCN,2,2025-02-08
500,12,2,96,156,0.04391402751207352,0.07850142568349838,0.044034555554389954,0.19484089314937592,0.21336394548416138,0.1970619261264801,0.18072429299354553,0.0,GCN,2,2025-02-08
1000,12,2,96,156,0.04391402751207352,0.07850142568349838,0.044034555554389954,0.19484089314937592,0.21336394548416138,0.1970619261264801,0.18072429299354553,0.0,GCN,2,2025-02-08
100,24,2,18,78,0.03859245032072067,0.08778432756662369,0.04209745302796364,0.18252716958522797,0.22243142127990723,0.19213765859603882,0.1844722181558609,0.0,GCN,2,2025-02-08
200,24,2,18,78,0.03859245032072067,0.08778432756662369,0.04209745302796364,0.18252716958522797,0.22243142127990723,0.19213765859603882,0.1844722181558609,0.0,GCN,2,2025-02-08
400,24,2,18,78,0.03859245032072067,0.08778432756662369,0.04209745302796364,0.18252716958522797,0.22243142127990723,0.19213765859603882,0.1844722181558609,0.0,GCN,2,2025-02-08
500,24,2,18,78,0.03859245032072067,0.08778432756662369,0.04209745302796364,0.18252716958522797,0.22243142127990723,0.19213765859603882,0.1844722181558609,0.0,GCN,2,2025-02-08
1000,24,2,18,78,0.03859245032072067,0.08778432756662369,0.04209745302796364,0.18252716958522797,0.22243142127990723,0.19213765859603882,0.1844722181558609,0.0,GCN,2,2025-02-08
100,2,4,100,100,0.06789611279964447,0.16367684304714203,0.05213448032736778,0.19509142637252808,0.27833646535873413,0.1619943082332611,-0.10532405227422714,0.0,GCN,2,2025-02-08
200,2,4,200,200,0.04458346590399742,0.12810219824314117,0.033697038888931274,0.12144138664007187,0.20468644797801971,0.08834429085254669,-0.03167401999235153,0.0,GCN,2,2025-02-08
400,2,4,399,400,0.0310747679322958,0.10023579001426697,0.025896761566400528,0.11452949792146683,0.17212675511837006,0.0846148207783699,0.0545634999871254,0.0,GCN,2,2025-02-08
500,2,4,498,500,0.03009651228785515,0.09608644992113113,0.02617928571999073,0.12383134663105011,0.17847563326358795,0.09936878085136414,0.07361016422510147,0.0,GCN,2,2025-02-08
1000,2,4,772,832,0.029836516827344894,0.09330781549215317,0.026920679956674576,0.13121940195560455,0.18351830542087555,0.11216934770345688,0.08873811364173889,0.0,GCN,2,2025-02-08
100,6,4,0,60,0.029978863894939423,0.09128502011299133,0.027923859655857086,0.13757051527500153,0.18785317242145538,0.12317327409982681,0.10174272954463959,0.0,GCN,2,2025-02-08
200,6,4,0,60,0.029978863894939423,0.09128502011299133,0.027923859655857086,0.13757051527500153,0.18785317242145538,0.12317327409982681,0.10174272954463959,0.0,GCN,2,2025-02-08
400,6,4,0,60,0.029978863894939423,0.09128502011299133,0.027923859655857086,0.13757051527500153,0.18785317242145538,0.12317327409982681,0.10174272954463959,0.0,GCN,2,2025-02-08
500,6,4,0,60,0.029978863894939423,0.09128502011299133,0.027923859655857086,0.13757051527500153,0.18785317242145538,0.12317327409982681,0.10174272954463959,0.0,GCN,2,2025-02-08
1000,6,4,0,60,0.029978863894939423,0.09128502011299133,0.027923859655857086,0.13757051527500153,0.18785317242145538,0.12317327409982681,0.10174272954463959,0.0,GCN,2,2025-02-08
100,12,4,19,79,0.02996886894106865,0.09445144981145859,0.030711064115166664,0.14260302484035492,0.1969725638628006,0.138640895485878,0.12676368653774261,0.0,GCN,2,2025-02-08
200,12,4,19,79,0.02996886894106865,0.09445144981145859,0.030711064115166664,0.14260302484035492,0.1969725638628006,0.138640895485878,0.12676368653774261,0.0,GCN,2,2025-02-08
400,12,4,19,79,0.02996886894106865,0.09445144981145859,0.030711064115166664,0.14260302484035492,0.1969725638628006,0.138640895485878,0.12676368653774261,0.0,GCN,2,2025-02-08
500,12,4,19,79,0.02996886894106865,0.09445144981145859,0.030711064115166664,0.14260302484035492,0.1969725638628006,0.138640895485878,0.12676368653774261,0.0,GCN,2,2025-02-08
1000,12,4,19,79,0.02996886894106865,0.09445144981145859,0.030711064115166664,0.14260302484035492,0.1969725638628006,0.138640895485878,0.12676368653774261,0.0,GCN,2,2025-02-08
100,24,4,9,69,0.03606738522648811,0.0843237116932869,0.036672450602054596,0.17159207165241241,0.20734816789627075,0.1701805293560028,0.15754331648349762,0.0,GCN,2,2025-02-08
200,24,4,9,69,0.03606738522648811,0.0843237116932869,0.036672450602054596,0.17159207165241241,0.20734816789627075,0.1701805293560028,0.15754331648349762,0.0,GCN,2,2025-02-08
400,24,4,9,69,0.03606738522648811,0.0843237116932869,0.036672450602054596,0.17159207165241241,0.20734816789627075,0.1701805293560028,0.15754331648349762,0.0,GCN,2,2025-02-08
500,24,4,9,69,0.03606738522648811,0.0843237116932869,0.036672450602054596,0.17159207165241241,0.20734816789627075,0.1701805293560028,0.15754331648349762,0.0,GCN,2,2025-02-08
1000,24,4,9,69,0.03606738522648811,0.0843237116932869,0.036672450602054596,0.17159207165241241,0.20734816789627075,0.1701805293560028,0.15754331648349762,0.0,GCN,2,2025-02-08
100,2,6,81,100,0.04049546644091606,0.08054554462432861,0.0422547310590744,0.18826866149902344,0.21727895736694336,0.1952986717224121,0.1758132427930832,0.0,GCN,2,2025-02-08
200,2,6,81,141,0.04049546644091606,0.08054554462432861,0.0422547310590744,0.18826866149902344,0.21727895736694336,0.1952986717224121,0.1758132427930832,0.0,GCN,2,2025-02-08
400,2,6,81,141,0.04049546644091606,0.08054554462432861,0.0422547310590744,0.18826866149902344,0.21727895736694336,0.1952986717224121,0.1758132427930832,0.0,GCN,2,2025-02-08
500,2,6,81,141,0.04049546644091606,0.08054554462432861,0.0422547310590744,0.18826866149902344,0.21727895736694336,0.1952986717224121,0.1758132427930832,0.0,GCN,2,2025-02-08
1000,2,6,81,141,0.04049546644091606,0.08054554462432861,0.0422547310590744,0.18826866149902344,0.21727895736694336,0.1952986717224121,0.1758132427930832,0.0,GCN,2,2025-02-08
100,6,6,50,100,0.04064762964844704,0.08478009700775146,0.04432520642876625,0.18895822763442993,0.22534354031085968,0.20039963722229004,0.19113557040691376,0.0,GCN,2,2025-02-08
200,6,6,50,110,0.04064762964844704,0.08478009700775146,0.04432520642876625,0.18895822763442993,0.22534354031085968,0.20039963722229004,0.19113557040691376,0.0,GCN,2,2025-02-08
400,6,6,50,110,0.04064762964844704,0.08478009700775146,0.04432520642876625,0.18895822763442993,0.22534354031085968,0.20039963722229004,0.19113557040691376,0.0,GCN,2,2025-02-08
500,6,6,50,110,0.04064762964844704,0.08478009700775146,0.04432520642876625,0.18895822763442993,0.22534354031085968,0.20039963722229004,0.19113557040691376,0.0,GCN,2,2025-02-08
1000,6,6,50,110,0.04064762964844704,0.08478009700775146,0.04432520642876625,0.18895822763442993,0.22534354031085968,0.20039963722229004,0.19113557040691376,0.0,GCN,2,2025-02-08
100,12,6,0,60,0.03709875047206879,0.08490556478500366,0.039653632789850235,0.1783405989408493,0.21464307606220245,0.18553389608860016,0.1721491664648056,0.0,GCN,2,2025-02-08
200,12,6,0,60,0.03709875047206879,0.08490556478500366,0.039653632789850235,0.1783405989408493,0.21464307606220245,0.18553389608860016,0.1721491664648056,0.0,GCN,2,2025-02-08
400,12,6,0,60,0.03709875047206879,0.08490556478500366,0.039653632789850235,0.1783405989408493,0.21464307606220245,0.18553389608860016,0.1721491664648056,0.0,GCN,2,2025-02-08
500,12,6,0,60,0.03709875047206879,0.08490556478500366,0.039653632789850235,0.1783405989408493,0.21464307606220245,0.18553389608860016,0.1721491664648056,0.0,GCN,2,2025-02-08
1000,12,6,0,60,0.03709875047206879,0.08490556478500366,0.039653632789850235,0.1783405989408493,0.21464307606220245,0.18553389608860016,0.1721491664648056,0.0,GCN,2,2025-02-08
100,24,6,22,82,0.034169550985097885,0.07979398965835571,0.03074275702238083,0.16097426414489746,0.19262082874774933,0.14633391797542572,0.1163988709449768,0.0,GCN,2,2025-02-08
200,24,6,22,82,0.034169550985097885,0.07979398965835571,0.03074275702238083,0.16097426414489746,0.19262082874774933,0.14633391797542572,0.1163988709449768,0.0,GCN,2,2025-02-08
400,24,6,22,82,0.034169550985097885,0.07979398965835571,0.03074275702238083,0.16097426414489746,0.19262082874774933,0.14633391797542572,0.1163988709449768,0.0,GCN,2,2025-02-08
500,24,6,22,82,0.034169550985097885,0.07979398965835571,0.03074275702238083,0.16097426414489746,0.19262082874774933,0.14633391797542572,0.1163988709449768,0.0,GCN,2,2025-02-08
1000,24,6,22,82,0.034169550985097885,0.07979398965835571,0.03074275702238083,0.16097426414489746,0.19262082874774933,0.14633391797542572,0.1163988709449768,0.0,GCN,2,2025-02-08
100,2,2,100,100,0.07505498081445694,0.10271835327148438,0.08588872849941254,0.2596827745437622,0.3001127243041992,0.29222846031188965,0.30278944969177246,0.0,GCN,3,2025-02-08
200,2,2,200,200,0.05578869953751564,0.09237951040267944,0.0635882094502449,0.2235812097787857,0.2666338086128235,0.2493179738521576,0.25110021233558655,0.0,GCN,3,2025-02-08
400,2,2,392,400,0.03942922130227089,0.08643730729818344,0.04301152750849724,0.1853097528219223,0.22459882497787476,0.1958988457918167,0.18770597875118256,0.0,GCN,3,2025-02-08
500,2,2,430,490,0.03747175633907318,0.08623341470956802,0.04037952795624733,0.17917077243328094,0.21748892962932587,0.1869819164276123,0.17717178165912628,0.0,GCN,3,2025-02-08
1000,2,2,430,490,0.03747175633907318,0.08623341470956802,0.04037952795624733,0.17917077243328094,0.21748892962932587,0.1869819164276123,0.17717178165912628,0.0,GCN,3,2025-02-08
100,6,2,24,84,0.03809201344847679,0.09115099906921387,0.04471158981323242,0.18239916861057281,0.23544885218143463,0.20208637416362762,0.18938344717025757,0.0,GCN,3,2025-02-08
200,6,2,24,84,0.03809201344847679,0.09115099906921387,0.04471158981323242,0.18239916861057281,0.23544885218143463,0.20208637416362762,0.18938344717025757,0.0,GCN,3,2025-02-08
400,6,2,24,84,0.03809201344847679,0.09115099906921387,0.04471158981323242,0.18239916861057281,0.23544885218143463,0.20208637416362762,0.18938344717025757,0.0,GCN,3,2025-02-08
500,6,2,24,84,0.03809201344847679,0.09115099906921387,0.04471158981323242,0.18239916861057281,0.23544885218143463,0.20208637416362762,0.18938344717025757,0.0,GCN,3,2025-02-08
1000,6,2,24,84,0.03809201344847679,0.09115099906921387,0.04471158981323242,0.18239916861057281,0.23544885218143463,0.20208637416362762,0.18938344717025757,0.0,GCN,3,2025-02-08
100,12,2,97,100,0.04435226693749428,0.08231401443481445,0.04322177916765213,0.19492077827453613,0.22179441154003143,0.19382300972938538,0.19690686464309692,0.0,GCN,3,2025-02-08
200,12,2,97,157,0.04435226693749428,0.08231401443481445,0.04322177916765213,0.19492077827453613,0.22179441154003143,0.19382300972938538,0.19690686464309692,0.0,GCN,3,2025-02-08
400,12,2,97,157,0.04435226693749428,0.08231401443481445,0.04322177916765213,0.19492077827453613,0.22179441154003143,0.19382300972938538,0.19690686464309692,0.0,GCN,3,2025-02-08
500,12,2,97,157,0.04435226693749428,0.08231401443481445,0.04322177916765213,0.19492077827453613,0.22179441154003143,0.19382300972938538,0.19690686464309692,0.0,GCN,3,2025-02-08
1000,12,2,97,157,0.04435226693749428,0.08231401443481445,0.04322177916765213,0.19492077827453613,0.22179441154003143,0.19382300972938538,0.19690686464309692,0.0,GCN,3,2025-02-08
100,24,2,18,78,0.03834996744990349,0.08771485090255737,0.04154215008020401,0.18160496652126312,0.2207300215959549,0.1901351511478424,0.18386107683181763,0.0,GCN,3,2025-02-08
200,24,2,18,78,0.03834996744990349,0.08771485090255737,0.04154215008020401,0.18160496652126312,0.2207300215959549,0.1901351511478424,0.18386107683181763,0.0,GCN,3,2025-02-08
400,24,2,18,78,0.03834996744990349,0.08771485090255737,0.04154215008020401,0.18160496652126312,0.2207300215959549,0.1901351511478424,0.18386107683181763,0.0,GCN,3,2025-02-08
500,24,2,18,78,0.03834996744990349,0.08771485090255737,0.04154215008020401,0.18160496652126312,0.2207300215959549,0.1901351511478424,0.18386107683181763,0.0,GCN,3,2025-02-08
1000,24,2,18,78,0.03834996744990349,0.08771485090255737,0.04154215008020401,0.18160496652126312,0.2207300215959549,0.1901351511478424,0.18386107683181763,0.0,GCN,3,2025-02-08
100,2,4,100,100,0.06789611279964447,0.16367684304714203,0.05213448032736778,0.19509142637252808,0.27833646535873413,0.1619943082332611,-0.10532405227422714,0.0,GCN,3,2025-02-08
200,2,4,200,200,0.04458346590399742,0.12810219824314117,0.033697038888931274,0.12144138664007187,0.20468644797801971,0.08834429085254669,-0.03167401999235153,0.0,GCN,3,2025-02-08
400,2,4,399,400,0.0310747679322958,0.10023579001426697,0.025896761566400528,0.11452949792146683,0.17212675511837006,0.0846148207783699,0.0545634999871254,0.0,GCN,3,2025-02-08
500,2,4,498,500,0.03009651228785515,0.09608644992113113,0.02617928571999073,0.12383134663105011,0.17847563326358795,0.09936878085136414,0.07361016422510147,0.0,GCN,3,2025-02-08
1000,2,4,772,832,0.029836516827344894,0.09330781549215317,0.026920679956674576,0.13121940195560455,0.18351830542087555,0.11216934770345688,0.08873811364173889,0.0,GCN,3,2025-02-08
100,6,4,0,60,0.029978863894939423,0.09128502011299133,0.027923859655857086,0.13757051527500153,0.18785317242145538,0.12317327409982681,0.10174272954463959,0.0,GCN,3,2025-02-08
200,6,4,0,60,0.029978863894939423,0.09128502011299133,0.027923859655857086,0.13757051527500153,0.18785317242145538,0.12317327409982681,0.10174272954463959,0.0,GCN,3,2025-02-08
400,6,4,0,60,0.029978863894939423,0.09128502011299133,0.027923859655857086,0.13757051527500153,0.18785317242145538,0.12317327409982681,0.10174272954463959,0.0,GCN,3,2025-02-08
500,6,4,0,60,0.029978863894939423,0.09128502011299133,0.027923859655857086,0.13757051527500153,0.18785317242145538,0.12317327409982681,0.10174272954463959,0.0,GCN,3,2025-02-08
1000,6,4,0,60,0.029978863894939423,0.09128502011299133,0.027923859655857086,0.13757051527500153,0.18785317242145538,0.12317327409982681,0.10174272954463959,0.0,GCN,3,2025-02-08
100,12,4,20,80,0.02942693419754505,0.09183525294065475,0.029987765476107597,0.14217330515384674,0.19046638906002045,0.13859650492668152,0.11513704061508179,0.0,GCN,3,2025-02-08
200,12,4,20,80,0.02942693419754505,0.09183525294065475,0.029987765476107597,0.14217330515384674,0.19046638906002045,0.13859650492668152,0.11513704061508179,0.0,GCN,3,2025-02-08
400,12,4,20,80,0.02942693419754505,0.09183525294065475,0.029987765476107597,0.14217330515384674,0.19046638906002045,0.13859650492668152,0.11513704061508179,0.0,GCN,3,2025-02-08
500,12,4,20,80,0.02942693419754505,0.09183525294065475,0.029987765476107597,0.14217330515384674,0.19046638906002045,0.13859650492668152,0.11513704061508179,0.0,GCN,3,2025-02-08
1000,12,4,20,80,0.02942693419754505,0.09183525294065475,0.029987765476107597,0.14217330515384674,0.19046638906002045,0.13859650492668152,0.11513704061508179,0.0,GCN,3,2025-02-08
100,24,4,9,69,0.03625994920730591,0.08466529101133347,0.03612395375967026,0.1712687909603119,0.20664174854755402,0.1682591587305069,0.16011089086532593,0.0,GCN,3,2025-02-08
200,24,4,9,69,0.03625994920730591,0.08466529101133347,0.03612395375967026,0.1712687909603119,0.20664174854755402,0.1682591587305069,0.16011089086532593,0.0,GCN,3,2025-02-08
400,24,4,9,69,0.03625994920730591,0.08466529101133347,0.03612395375967026,0.1712687909603119,0.20664174854755402,0.1682591587305069,0.16011089086532593,0.0,GCN,3,2025-02-08
500,24,4,9,69,0.03625994920730591,0.08466529101133347,0.03612395375967026,0.1712687909603119,0.20664174854755402,0.1682591587305069,0.16011089086532593,0.0,GCN,3,2025-02-08
1000,24,4,9,69,0.03625994920730591,0.08466529101133347,0.03612395375967026,0.1712687909603119,0.20664174854755402,0.1682591587305069,0.16011089086532593,0.0,GCN,3,2025-02-08
100,2,6,93,100,0.03839275985956192,0.08469723910093307,0.03928668051958084,0.18131257593631744,0.2164705991744995,0.18414881825447083,0.17691394686698914,0.0,GCN,3,2025-02-08
200,2,6,93,153,0.03839275985956192,0.08469723910093307,0.03928668051958084,0.18131257593631744,0.2164705991744995,0.18414881825447083,0.17691394686698914,0.0,GCN,3,2025-02-08
400,2,6,93,153,0.03839275985956192,0.08469723910093307,0.03928668051958084,0.18131257593631744,0.2164705991744995,0.18414881825447083,0.17691394686698914,0.0,GCN,3,2025-02-08
500,2,6,93,153,0.03839275985956192,0.08469723910093307,0.03928668051958084,0.18131257593631744,0.2164705991744995,0.18414881825447083,0.17691394686698914,0.0,GCN,3,2025-02-08
1000,2,6,93,153,0.03839275985956192,0.08469723910093307,0.03928668051958084,0.18131257593631744,0.2164705991744995,0.18414881825447083,0.17691394686698914,0.0,GCN,3,2025-02-08
100,6,6,53,100,0.0386737696826458,0.08604253083467484,0.042166635394096375,0.18334035575389862,0.2221740484237671,0.19284656643867493,0.18315616250038147,0.0,GCN,3,2025-02-08
200,6,6,53,113,0.0386737696826458,0.08604253083467484,0.042166635394096375,0.18334035575389862,0.2221740484237671,0.19284656643867493,0.18315616250038147,0.0,GCN,3,2025-02-08
400,6,6,53,113,0.0386737696826458,0.08604253083467484,0.042166635394096375,0.18334035575389862,0.2221740484237671,0.19284656643867493,0.18315616250038147,0.0,GCN,3,2025-02-08
500,6,6,53,113,0.0386737696826458,0.08604253083467484,0.042166635394096375,0.18334035575389862,0.2221740484237671,0.19284656643867493,0.18315616250038147,0.0,GCN,3,2025-02-08
1000,6,6,53,113,0.0386737696826458,0.08604253083467484,0.042166635394096375,0.18334035575389862,0.2221740484237671,0.19284656643867493,0.18315616250038147,0.0,GCN,3,2025-02-08
100,12,6,0,60,0.0369885228574276,0.08618291467428207,0.03979289159178734,0.17803968489170074,0.2171747237443924,0.1853671818971634,0.1743229627609253,0.0,GCN,3,2025-02-08
200,12,6,0,60,0.0369885228574276,0.08618291467428207,0.03979289159178734,0.17803968489170074,0.2171747237443924,0.1853671818971634,0.1743229627609253,0.0,GCN,3,2025-02-08
400,12,6,0,60,0.0369885228574276,0.08618291467428207,0.03979289159178734,0.17803968489170074,0.2171747237443924,0.1853671818971634,0.1743229627609253,0.0,GCN,3,2025-02-08
500,12,6,0,60,0.0369885228574276,0.08618291467428207,0.03979289159178734,0.17803968489170074,0.2171747237443924,0.1853671818971634,0.1743229627609253,0.0,GCN,3,2025-02-08
1000,12,6,0,60,0.0369885228574276,0.08618291467428207,0.03979289159178734,0.17803968489170074,0.2171747237443924,0.1853671818971634,0.1743229627609253,0.0,GCN,3,2025-02-08
100,24,6,22,82,0.0349152572453022,0.0844220295548439,0.030663086101412773,0.1599256992340088,0.2019648402929306,0.14303182065486908,0.13490983843803406,0.0,GCN,3,2025-02-08
200,24,6,22,82,0.0349152572453022,0.0844220295548439,0.030663086101412773,0.1599256992340088,0.2019648402929306,0.14303182065486908,0.13490983843803406,0.0,GCN,3,2025-02-08
400,24,6,22,82,0.0349152572453022,0.0844220295548439,0.030663086101412773,0.1599256992340088,0.2019648402929306,0.14303182065486908,0.13490983843803406,0.0,GCN,3,2025-02-08
500,24,6,22,82,0.0349152572453022,0.0844220295548439,0.030663086101412773,0.1599256992340088,0.2019648402929306,0.14303182065486908,0.13490983843803406,0.0,GCN,3,2025-02-08
1000,24,6,22,82,0.0349152572453022,0.0844220295548439,0.030663086101412773,0.1599256992340088,0.2019648402929306,0.14303182065486908,0.13490983843803406,0.0,GCN,3,2025-02-08
100,2,2,100,100,0.07494449615478516,0.10288377851247787,0.0861557200551033,0.2594515085220337,0.3006991147994995,0.2927539050579071,0.3021562695503235,0.0,GCN,61,2025-02-08
200,2,2,200,200,0.05576826632022858,0.09225717931985855,0.06358025968074799,0.2235395908355713,0.2664642930030823,0.24930204451084137,0.25080403685569763,0.0,GCN,61,2025-02-08
400,2,2,399,400,0.03900527581572533,0.08636225014925003,0.04249626770615578,0.1840362399816513,0.22294597327709198,0.19406726956367493,0.1855265498161316,0.0,GCN,61,2025-02-08
500,2,2,417,477,0.038069892674684525,0.08626189082860947,0.04122889041900635,0.18112029135227203,0.21960236132144928,0.1898234635591507,0.18051114678382874,0.0,GCN,61,2025-02-08
1000,2,2,417,477,0.038069892674684525,0.08626189082860947,0.04122889041900635,0.18112029135227203,0.21960236132144928,0.1898234635591507,0.18051114678382874,0.0,GCN,61,2025-02-08
100,6,2,25,85,0.03603649511933327,0.08622589707374573,0.03840136155486107,0.17414523661136627,0.2116042971611023,0.17967206239700317,0.16851404309272766,0.0,GCN,61,2025-02-08
200,6,2,25,85,0.03603649511933327,0.08622589707374573,0.03840136155486107,0.17414523661136627,0.2116042971611023,0.17967206239700317,0.16851404309272766,0.0,GCN,61,2025-02-08
400,6,2,25,85,0.03603649511933327,0.08622589707374573,0.03840136155486107,0.17414523661136627,0.2116042971611023,0.17967206239700317,0.16851404309272766,0.0,GCN,61,2025-02-08
500,6,2,25,85,0.03603649511933327,0.08622589707374573,0.03840136155486107,0.17414523661136627,0.2116042971611023,0.17967206239700317,0.16851404309272766,0.0,GCN,61,2025-02-08
1000,6,2,25,85,0.03603649511933327,0.08622589707374573,0.03840136155486107,0.17414523661136627,0.2116042971611023,0.17967206239700317,0.16851404309272766,0.0,GCN,61,2025-02-08
100,12,2,100,100,0.03970348834991455,0.08646463602781296,0.04343137890100479,0.18611693382263184,0.22533179819583893,0.19709545373916626,0.1891053318977356,0.0,GCN,61,2025-02-08
200,12,2,105,165,0.03766447305679321,0.08623307198286057,0.040673740208148956,0.17980515956878662,0.2180943340063095,0.18790942430496216,0.17824909090995789,0.0,GCN,61,2025-02-08
400,12,2,105,165,0.03766447305679321,0.08623307198286057,0.040673740208148956,0.17980515956878662,0.2180943340063095,0.18790942430496216,0.17824909090995789,0.0,GCN,61,2025-02-08
500,12,2,105,165,0.03766447305679321,0.08623307198286057,0.040673740208148956,0.17980515956878662,0.2180943340063095,0.18790942430496216,0.17824909090995789,0.0,GCN,61,2025-02-08
1000,12,2,105,165,0.03766447305679321,0.08623307198286057,0.040673740208148956,0.17980515956878662,0.2180943340063095,0.18790942430496216,0.17824909090995789,0.0,GCN,61,2025-02-08
100,24,2,17,77,0.0379481315612793,0.08625223487615585,0.041062552481889725,0.18072879314422607,0.21915344893932343,0.18925364315509796,0.17983774840831757,0.0,GCN,61,2025-02-08
200,24,2,17,77,0.0379481315612793,0.08625223487615585,0.041062552481889725,0.18072879314422607,0.21915344893932343,0.18925364315509796,0.17983774840831757,0.0,GCN,61,2025-02-08
400,24,2,17,77,0.0379481315612793,0.08625223487615585,0.041062552481889725,0.18072879314422607,0.21915344893932343,0.18925364315509796,0.17983774840831757,0.0,GCN,61,2025-02-08
500,24,2,17,77,0.0379481315612793,0.08625223487615585,0.041062552481889725,0.18072879314422607,0.21915344893932343,0.18925364315509796,0.17983774840831757,0.0,GCN,61,2025-02-08
1000,24,2,17,77,0.0379481315612793,0.08625223487615585,0.041062552481889725,0.18072879314422607,0.21915344893932343,0.18925364315509796,0.17983774840831757,0.0,GCN,61,2025-02-08
100,2,4,100,100,0.06789611279964447,0.16367684304714203,0.05213448032736778,0.19509142637252808,0.27833646535873413,0.1619943082332611,-0.10532405227422714,0.0,GCN,61,2025-02-08
200,2,4,200,200,0.04458346590399742,0.12810219824314117,0.033697038888931274,0.12144138664007187,0.20468644797801971,0.08834429085254669,-0.03167401999235153,0.0,GCN,61,2025-02-08
400,2,4,399,400,0.0310747679322958,0.10023579001426697,0.025896761566400528,0.11452949792146683,0.17212675511837006,0.0846148207783699,0.0545634999871254,0.0,GCN,61,2025-02-08
500,2,4,498,500,0.03009651228785515,0.09608644992113113,0.02617928571999073,0.12383134663105011,0.17847563326358795,0.09936878085136414,0.07361016422510147,0.0,GCN,61,2025-02-08
1000,2,4,772,832,0.029836516827344894,0.09330781549215317,0.026920679956674576,0.13121940195560455,0.18351830542087555,0.11216934770345688,0.08873811364173889,0.0,GCN,61,2025-02-08
100,6,4,0,60,0.029978863894939423,0.09128502011299133,0.027923859655857086,0.13757051527500153,0.18785317242145538,0.12317327409982681,0.10174272954463959,0.0,GCN,61,2025-02-08
200,6,4,0,60,0.029978863894939423,0.09128502011299133,0.027923859655857086,0.13757051527500153,0.18785317242145538,0.12317327409982681,0.10174272954463959,0.0,GCN,61,2025-02-08
400,6,4,0,60,0.029978863894939423,0.09128502011299133,0.027923859655857086,0.13757051527500153,0.18785317242145538,0.12317327409982681,0.10174272954463959,0.0,GCN,61,2025-02-08
500,6,4,0,60,0.029978863894939423,0.09128502011299133,0.027923859655857086,0.13757051527500153,0.18785317242145538,0.12317327409982681,0.10174272954463959,0.0,GCN,61,2025-02-08
1000,6,4,0,60,0.029978863894939423,0.09128502011299133,0.027923859655857086,0.13757051527500153,0.18785317242145538,0.12317327409982681,0.10174272954463959,0.0,GCN,61,2025-02-08
100,12,4,19,79,0.030664585530757904,0.08917049318552017,0.029722915962338448,0.1464419662952423,0.19345958530902863,0.1374049335718155,0.11856195330619812,0.0,GCN,61,2025-02-08
200,12,4,19,79,0.030664585530757904,0.08917049318552017,0.029722915962338448,0.1464419662952423,0.19345958530902863,0.1374049335718155,0.11856195330619812,0.0,GCN,61,2025-02-08
400,12,4,19,79,0.030664585530757904,0.08917049318552017,0.029722915962338448,0.1464419662952423,0.19345958530902863,0.1374049335718155,0.11856195330619812,0.0,GCN,61,2025-02-08
500,12,4,19,79,0.030664585530757904,0.08917049318552017,0.029722915962338448,0.1464419662952423,0.19345958530902863,0.1374049335718155,0.11856195330619812,0.0,GCN,61,2025-02-08
1000,12,4,19,79,0.030664585530757904,0.08917049318552017,0.029722915962338448,0.1464419662952423,0.19345958530902863,0.1374049335718155,0.11856195330619812,0.0,GCN,61,2025-02-08
100,24,4,9,69,0.035277582705020905,0.08629540354013443,0.0373130701482296,0.1712522655725479,0.20845162868499756,0.17546169459819794,0.1635381430387497,0.0,GCN,61,2025-02-08
200,24,4,9,69,0.035277582705020905,0.08629540354013443,0.0373130701482296,0.1712522655725479,0.20845162868499756,0.17546169459819794,0.1635381430387497,0.0,GCN,61,2025-02-08
400,24,4,9,69,0.035277582705020905,0.08629540354013443,0.0373130701482296,0.1712522655725479,0.20845162868499756,0.17546169459819794,0.1635381430387497,0.0,GCN,61,2025-02-08
500,24,4,9,69,0.035277582705020905,0.08629540354013443,0.0373130701482296,0.1712522655725479,0.20845162868499756,0.17546169459819794,0.1635381430387497,0.0,GCN,61,2025-02-08
1000,24,4,9,69,0.035277582705020905,0.08629540354013443,0.0373130701482296,0.1712522655725479,0.20845162868499756,0.17546169459819794,0.1635381430387497,0.0,GCN,61,2025-02-08
100,2,6,90,100,0.038383230566978455,0.08629047125577927,0.04165545850992203,0.18211472034454346,0.22074264287948608,0.19127073884010315,0.18222156167030334,0.0,GCN,61,2025-02-08
200,2,6,90,150,0.038383230566978455,0.08629047125577927,0.04165545850992203,0.18211472034454346,0.22074264287948608,0.19127073884010315,0.18222156167030334,0.0,GCN,61,2025-02-08
400,2,6,90,150,0.038383230566978455,0.08629047125577927,0.04165545850992203,0.18211472034454346,0.22074264287948608,0.19127073884010315,0.18222156167030334,0.0,GCN,61,2025-02-08
500,2,6,90,150,0.038383230566978455,0.08629047125577927,0.04165545850992203,0.18211472034454346,0.22074264287948608,0.19127073884010315,0.18222156167030334,0.0,GCN,61,2025-02-08
1000,2,6,90,150,0.038383230566978455,0.08629047125577927,0.04165545850992203,0.18211472034454346,0.22074264287948608,0.19127073884010315,0.18222156167030334,0.0,GCN,61,2025-02-08
100,6,6,54,100,0.038301464170217514,0.08628249168395996,0.041544344276189804,0.18185701966285706,0.2204471230506897,0.19089564681053162,0.18177828192710876,0.0,GCN,61,2025-02-08
200,6,6,54,114,0.038301464170217514,0.08628249168395996,0.041544344276189804,0.18185701966285706,0.2204471230506897,0.19089564681053162,0.18177828192710876,0.0,GCN,61,2025-02-08
400,6,6,54,114,0.038301464170217514,0.08628249168395996,0.041544344276189804,0.18185701966285706,0.2204471230506897,0.19089564681053162,0.18177828192710876,0.0,GCN,61,2025-02-08
500,6,6,54,114,0.038301464170217514,0.08628249168395996,0.041544344276189804,0.18185701966285706,0.2204471230506897,0.19089564681053162,0.18177828192710876,0.0,GCN,61,2025-02-08
1000,6,6,54,114,0.038301464170217514,0.08628249168395996,0.041544344276189804,0.18185701966285706,0.2204471230506897,0.19089564681053162,0.18177828192710876,0.0,GCN,61,2025-02-08
100,12,6,0,60,0.03709310293197632,0.08620943874120712,0.039884600788354874,0.17789241671562195,0.21590106189250946,0.18512564897537231,0.1749591827392578,0.0,GCN,61,2025-02-08
200,12,6,0,60,0.03709310293197632,0.08620943874120712,0.039884600788354874,0.17789241671562195,0.21590106189250946,0.18512564897537231,0.1749591827392578,0.0,GCN,61,2025-02-08
400,12,6,0,60,0.03709310293197632,0.08620943874120712,0.039884600788354874,0.17789241671562195,0.21590106189250946,0.18512564897537231,0.1749591827392578,0.0,GCN,61,2025-02-08
500,12,6,0,60,0.03709310293197632,0.08620943874120712,0.039884600788354874,0.17789241671562195,0.21590106189250946,0.18512564897537231,0.1749591827392578,0.0,GCN,61,2025-02-08
1000,12,6,0,60,0.03709310293197632,0.08620943874120712,0.039884600788354874,0.17789241671562195,0.21590106189250946,0.18512564897537231,0.1749591827392578,0.0,GCN,61,2025-02-08
100,24,6,22,82,0.032421793788671494,0.08725469559431076,0.03294046223163605,0.15824230015277863,0.2008134126663208,0.15607231855392456,0.14062343537807465,0.0,GCN,61,2025-02-08
200,24,6,22,82,0.032421793788671494,0.08725469559431076,0.03294046223163605,0.15824230015277863,0.2008134126663208,0.15607231855392456,0.14062343537807465,0.0,GCN,61,2025-02-08
400,24,6,22,82,0.032421793788671494,0.08725469559431076,0.03294046223163605,0.15824230015277863,0.2008134126663208,0.15607231855392456,0.14062343537807465,0.0,GCN,61,2025-02-08
500,24,6,22,82,0.032421793788671494,0.08725469559431076,0.03294046223163605,0.15824230015277863,0.2008134126663208,0.15607231855392456,0.14062343537807465,0.0,GCN,61,2025-02-08
1000,24,6,22,82,0.032421793788671494,0.08725469559431076,0.03294046223163605,0.15824230015277863,0.2008134126663208,0.15607231855392456,0.14062343537807465,0.0,GCN,61,2025-02-08
100,2,2,100,100,1335.6756591796875,962.4061889648438,1124.176025390625,27.58780860900879,26.548059463500977,26.435495376586914,4.725063323974609,35.327911376953125,GNN,2,2024-05-04
200,2,2,200,200,1071.5030517578125,690.7953491210938,869.2936401367188,25.141311645507812,21.727235794067383,24.517353057861328,10.796992301940918,35.327911376953125,GNN,2,2024-05-04
400,2,2,400,400,635.71875,258.5474853515625,480.85211181640625,21.23001480102539,10.974108695983887,19.800514221191406,30.82897186279297,35.327911376953125,GNN,2,2024-05-04
500,2,2,459,500,628.1738891601562,254.19769287109375,480.2239685058594,21.318735122680664,10.95952320098877,19.273509979248047,33.07173538208008,35.327911376953125,GNN,2,2024-05-04
1000,2,2,459,519,628.1738891601562,254.19769287109375,480.2239685058594,21.318735122680664,10.95952320098877,19.273509979248047,33.07173538208008,35.327911376953125,GNN,2,2024-05-04
100,6,2,100,100,1273.00390625,897.619384765625,1062.903564453125,26.9864444732666,25.30082130432129,25.914894104003906,6.061197280883789,35.327911376953125,GNN,2,2024-05-04
200,6,2,200,200,838.8264770507812,454.3798522949219,650.4622802734375,22.747316360473633,17.12412452697754,22.822216033935547,17.98823356628418,35.327911376953125,GNN,2,2024-05-04
400,6,2,339,399,627.836181640625,254.092529296875,479.90545654296875,21.310400009155273,10.955973625183105,19.271852493286133,33.08060836791992,35.327911376953125,GNN,2,2024-05-04
500,6,2,339,399,627.836181640625,254.092529296875,479.90545654296875,21.310400009155273,10.955973625183105,19.271852493286133,33.08060836791992,35.327911376953125,GNN,2,2024-05-04
1000,6,2,339,399,627.836181640625,254.092529296875,479.90545654296875,21.310400009155273,10.955973625183105,19.271852493286133,33.08060836791992,35.327911376953125,GNN,2,2024-05-04
100,12,2,100,100,1072.046630859375,690.9402465820312,868.7744750976562,25.123361587524414,21.716440200805664,24.496809005737305,10.855542182922363,35.327911376953125,GNN,2,2024-05-04
200,12,2,200,200,640.8804321289062,263.3747253417969,482.65167236328125,21.199926376342773,10.9750337600708,20.010982513427734,29.89975357055664,35.327911376953125,GNN,2,2024-05-04
400,12,2,234,294,627.0296020507812,254.19847106933594,478.845703125,21.28046417236328,10.970685005187988,19.247549057006836,33.14603805541992,35.327911376953125,GNN,2,2024-05-04
500,12,2,234,294,627.0296020507812,254.19847106933594,478.845703125,21.28046417236328,10.970685005187988,19.247549057006836,33.14603805541992,35.327911376953125,GNN,2,2024-05-04
1000,12,2,234,294,627.0296020507812,254.19847106933594,478.845703125,21.28046417236328,10.970685005187988,19.247549057006836,33.14603805541992,35.327911376953125,GNN,2,2024-05-04
100,24,2,100,100,944.064697265625,560.5670166015625,747.4932861328125,23.868751525878906,19.401290893554688,23.645051956176758,14.46873950958252,35.327911376953125,GNN,2,2024-05-04
200,24,2,184,200,627.2335815429688,254.32708740234375,478.9201965332031,21.281251907348633,10.966410636901855,19.248411178588867,33.132564544677734,35.327911376953125,GNN,2,2024-05-04
400,24,2,184,244,627.2335815429688,254.32708740234375,478.9201965332031,21.281251907348633,10.966410636901855,19.248411178588867,33.132564544677734,35.327911376953125,GNN,2,2024-05-04
500,24,2,184,244,627.2335815429688,254.32708740234375,478.9201965332031,21.281251907348633,10.966410636901855,19.248411178588867,33.132564544677734,35.327911376953125,GNN,2,2024-05-04
1000,24,2,184,244,627.2335815429688,254.32708740234375,478.9201965332031,21.281251907348633,10.966410636901855,19.248411178588867,33.132564544677734,35.327911376953125,GNN,2,2024-05-04
100,2,4,100,100,1592.87451171875,1227.6060791015625,1374.5106201171875,30.53825569152832,31.134225845336914,29.389400482177734,-0.09872554987668991,35.327911376953125,GNN,2,2024-05-04
200,2,4,200,200,1586.7894287109375,1221.40234375,1368.6551513671875,30.4384708404541,31.034439086914062,29.28961181640625,0.0010642489651218057,35.327911376953125,GNN,2,2024-05-04
400,2,4,400,400,1574.7069091796875,1209.0823974609375,1357.0303955078125,30.23933982849121,30.835311889648438,29.090484619140625,0.2001902461051941,35.327911376953125,GNN,2,2024-05-04
500,2,4,500,500,1568.7086181640625,1202.9654541015625,1351.260009765625,30.139995574951172,30.735963821411133,28.991138458251953,0.2995365262031555,35.327911376953125,GNN,2,2024-05-04
1000,2,4,1000,1000,1539.129150390625,1172.7962646484375,1322.8175048828125,29.68462371826172,30.2412052154541,28.496376037597656,0.7942983508110046,35.327911376953125,GNN,2,2024-05-04
100,6,4,100,100,1574.495849609375,1208.8668212890625,1356.8270263671875,30.2358455657959,30.831817626953125,29.086994171142578,0.20368561148643494,35.327911376953125,GNN,2,2024-05-04
200,6,4,200,200,1568.4713134765625,1202.7235107421875,1351.0318603515625,30.136056900024414,30.732027053833008,28.987201690673828,0.30347326397895813,35.327911376953125,GNN,2,2024-05-04
400,6,4,400,400,1556.5096435546875,1190.524658203125,1339.52783203125,29.941598892211914,30.532913208007812,28.7880859375,0.5025904178619385,35.327911376953125,GNN,2,2024-05-04
500,6,4,500,500,1550.57177734375,1184.46826171875,1333.8182373046875,29.848730087280273,30.43357276916504,28.68874740600586,0.6019302010536194,35.327911376953125,GNN,2,2024-05-04
1000,6,4,1000,1000,1521.2945556640625,1154.6014404296875,1305.677734375,29.44538116455078,29.93886375427246,28.212068557739258,1.0966393947601318,35.327911376953125,GNN,2,2024-05-04
100,12,4,100,100,1404.33251953125,1032.39208984375,1190.620849609375,28.251907348632812,27.8428897857666,26.961992263793945,3.356325626373291,35.327911376953125,GNN,2,2024-05-04
200,12,4,174,200,629.7677612304688,246.9915771484375,481.4974365234375,21.367143630981445,10.847663879394531,19.303852081298828,32.88340759277344,35.327911376953125,GNN,2,2024-05-04
400,12,4,225,285,628.80029296875,246.90736389160156,482.5792236328125,21.41291046142578,10.962674140930176,19.157907485961914,33.51175308227539,35.327911376953125,GNN,2,2024-05-04
500,12,4,225,285,628.80029296875,246.90736389160156,482.5792236328125,21.41291046142578,10.962674140930176,19.157907485961914,33.51175308227539,35.327911376953125,GNN,2,2024-05-04
1000,12,4,225,285,628.80029296875,246.90736389160156,482.5792236328125,21.41291046142578,10.962674140930176,19.157907485961914,33.51175308227539,35.327911376953125,GNN,2,2024-05-04
100,24,4,86,100,629.6337890625,247.1578826904297,481.6977233886719,21.377578735351562,10.852519035339355,19.259029388427734,33.05274963378906,35.327911376953125,GNN,2,2024-05-04
200,24,4,126,186,629.257080078125,246.9130096435547,481.484375,21.37321662902832,10.84448528289795,19.254262924194336,33.082271575927734,35.327911376953125,GNN,2,2024-05-04
400,24,4,126,186,629.257080078125,246.9130096435547,481.484375,21.37321662902832,10.84448528289795,19.254262924194336,33.082271575927734,35.327911376953125,GNN,2,2024-05-04
500,24,4,126,186,629.257080078125,246.9130096435547,481.484375,21.37321662902832,10.84448528289795,19.254262924194336,33.082271575927734,35.327911376953125,GNN,2,2024-05-04
1000,24,4,126,186,629.257080078125,246.9130096435547,481.484375,21.37321662902832,10.84448528289795,19.254262924194336,33.082271575927734,35.327911376953125,GNN,2,2024-05-04
100,2,6,100,100,1549.316650390625,1183.1883544921875,1332.6114501953125,29.829647064208984,30.41253662109375,28.667707443237305,0.622967541217804,35.327911376953125,GNN,2,2024-05-04
200,2,6,200,200,1527.6231689453125,1161.0579833984375,1311.7586669921875,29.526325225830078,30.04650115966797,28.30314826965332,0.9890018701553345,35.327911376953125,GNN,2,2024-05-04
400,2,6,400,400,1433.1510009765625,1064.6192626953125,1221.0782470703125,28.567718505859375,28.396360397338867,27.24704933166504,2.6391422748565674,35.327911376953125,GNN,2,2024-05-04
500,2,6,500,500,1350.4481201171875,980.0934448242188,1141.8897705078125,27.78596305847168,26.866846084594727,26.65877342224121,4.1686553955078125,35.327911376953125,GNN,2,2024-05-04
1000,2,6,1000,1000,825.0245971679688,438.655029296875,647.3382568359375,22.886789321899414,16.9354190826416,22.99412727355957,17.604602813720703,35.327911376953125,GNN,2,2024-05-04
100,6,6,100,100,1532.36669921875,1165.8978271484375,1316.317626953125,29.591609954833984,30.126928329467773,28.38210105895996,0.9085749387741089,35.327911376953125,GNN,2,2024-05-04
200,6,6,200,200,1479.0970458984375,1111.5360107421875,1265.1529541015625,29.003341674804688,29.210786819458008,27.643449783325195,1.8247156143188477,35.327911376953125,GNN,2,2024-05-04
400,6,6,400,400,1216.5196533203125,842.962890625,1014.1338500976562,26.56580352783203,24.180509567260742,25.625568389892578,6.8549933433532715,35.327911376953125,GNN,2,2024-05-04
500,6,6,500,500,1012.4365234375,633.1358032226562,821.1231079101562,24.82003402709961,20.889190673828125,24.362741470336914,11.673944473266602,35.327911376953125,GNN,2,2024-05-04
1000,6,6,1000,1000,660.3887939453125,259.0968017578125,511.46832275390625,22.05572509765625,11.131524085998535,20.10504150390625,30.12398338317871,35.327911376953125,GNN,2,2024-05-04
100,12,6,100,100,1212.277099609375,833.78662109375,1004.8948364257812,26.428403854370117,24.047941207885742,25.42218017578125,7.319070339202881,35.327911376953125,GNN,2,2024-05-04
200,12,6,195,200,630.582275390625,245.4374237060547,484.3729248046875,21.471878051757812,10.85315227508545,19.209613800048828,33.2408447265625,35.327911376953125,GNN,2,2024-05-04
400,12,6,400,400,629.1533203125,244.91607666015625,484.1166687011719,21.469812393188477,10.954306602478027,19.132564544677734,33.58238220214844,35.327911376953125,GNN,2,2024-05-04
500,12,6,500,500,628.4302978515625,244.559326171875,483.6158752441406,21.45954704284668,10.96910572052002,19.11913299560547,33.644287109375,35.327911376953125,GNN,2,2024-05-04
1000,12,6,1000,1000,623.3670043945312,242.2064666748047,479.98529052734375,21.400848388671875,11.074501037597656,19.019454956054688,34.08428192138672,35.327911376953125,GNN,2,2024-05-04
100,24,6,88,100,630.4366455078125,245.21124267578125,482.6793518066406,21.416872024536133,10.832026481628418,19.296342849731445,32.841094970703125,35.327911376953125,GNN,2,2024-05-04
200,24,6,130,190,629.9769897460938,245.01490783691406,482.73492431640625,21.423049926757812,10.823768615722656,19.262672424316406,32.99005889892578,35.327911376953125,GNN,2,2024-05-04
400,24,6,130,190,629.9769897460938,245.01490783691406,482.73492431640625,21.423049926757812,10.823768615722656,19.262672424316406,32.99005889892578,35.327911376953125,GNN,2,2024-05-04
500,24,6,130,190,629.9769897460938,245.01490783691406,482.73492431640625,21.423049926757812,10.823768615722656,19.262672424316406,32.99005889892578,35.327911376953125,GNN,2,2024-05-04
1000,24,6,130,190,629.9769897460938,245.01490783691406,482.73492431640625,21.423049926757812,10.823768615722656,19.262672424316406,32.99005889892578,35.327911376953125,GNN,2,2024-05-04
100,2,2,100,100,1334.99658203125,963.01611328125,1124.9691162109375,27.586206436157227,26.57588005065918,26.440982818603516,4.691788196563721,35.327911376953125,GNN,3,2024-05-04
200,2,2,200,200,1069.7420654296875,691.2373657226562,870.8753051757812,25.146465301513672,21.748510360717773,24.534475326538086,10.714611053466797,35.327911376953125,GNN,3,2024-05-04
400,2,2,400,400,630.5881958007812,252.1748809814453,481.9948425292969,21.201074600219727,10.971772193908691,19.840843200683594,30.62787437438965,35.327911376953125,GNN,3,2024-05-04
500,2,2,473,500,622.523193359375,246.644775390625,481.7518005371094,21.301023483276367,10.957592964172363,19.252403259277344,33.12991714477539,35.327911376953125,GNN,3,2024-05-04
1000,2,2,473,533,622.523193359375,246.644775390625,481.7518005371094,21.301023483276367,10.957592964172363,19.252403259277344,33.12991714477539,35.327911376953125,GNN,3,2024-05-04
100,6,2,100,100,1272.015625,898.0576782226562,1063.9705810546875,26.987640380859375,25.336851119995117,25.923128128051758,6.014951705932617,35.327911376953125,GNN,3,2024-05-04
200,6,2,200,200,835.677978515625,453.4319152832031,652.349365234375,22.746423721313477,17.158226013183594,22.850881576538086,17.849512100219727,35.327911376953125,GNN,3,2024-05-04
400,6,2,349,400,622.1578369140625,246.61322021484375,481.4866943359375,21.293155670166016,10.956160545349121,19.24958038330078,33.143516540527344,35.327911376953125,GNN,3,2024-05-04
500,6,2,349,409,622.1578369140625,246.61322021484375,481.4866943359375,21.293155670166016,10.956160545349121,19.24958038330078,33.143516540527344,35.327911376953125,GNN,3,2024-05-04
1000,6,2,349,409,622.1578369140625,246.61322021484375,481.4866943359375,21.293155670166016,10.956160545349121,19.24958038330078,33.143516540527344,35.327911376953125,GNN,3,2024-05-04
100,12,2,100,100,1071.51904296875,692.68603515625,871.9317016601562,25.14221954345703,21.76234245300293,24.524831771850586,10.726091384887695,35.327911376953125,GNN,3,2024-05-04
200,12,2,200,200,635.6820678710938,257.1791076660156,483.9647216796875,21.170469284057617,10.969922065734863,20.057706832885742,29.67132568359375,35.327911376953125,GNN,3,2024-05-04
400,12,2,240,300,621.0387573242188,246.1109161376953,480.4026184082031,21.262271881103516,10.949938774108887,19.224578857421875,33.210636138916016,35.327911376953125,GNN,3,2024-05-04
500,12,2,240,300,621.0387573242188,246.1109161376953,480.4026184082031,21.262271881103516,10.949938774108887,19.224578857421875,33.210636138916016,35.327911376953125,GNN,3,2024-05-04
1000,12,2,240,300,621.0387573242188,246.1109161376953,480.4026184082031,21.262271881103516,10.949938774108887,19.224578857421875,33.210636138916016,35.327911376953125,GNN,3,2024-05-04
100,24,2,100,100,941.3858032226562,560.2030639648438,749.458740234375,23.87565803527832,19.429216384887695,23.670074462890625,14.348409652709961,35.327911376953125,GNN,3,2024-05-04
200,24,2,188,200,621.1629028320312,246.03822326660156,480.50958251953125,21.266210556030273,10.95001220703125,19.216310501098633,33.23579025268555,35.327911376953125,GNN,3,2024-05-04
400,24,2,188,248,621.1629028320312,246.03822326660156,480.50958251953125,21.266210556030273,10.95001220703125,19.216310501098633,33.23579025268555,35.327911376953125,GNN,3,2024-05-04
500,24,2,188,248,621.1629028320312,246.03822326660156,480.50958251953125,21.266210556030273,10.95001220703125,19.216310501098633,33.23579025268555,35.327911376953125,GNN,3,2024-05-04
1000,24,2,188,248,621.1629028320312,246.03822326660156,480.50958251953125,21.266210556030273,10.95001220703125,19.216310501098633,33.23579025268555,35.327911376953125,GNN,3,2024-05-04
100,2,4,100,100,1592.87451171875,1227.6060791015625,1374.5106201171875,30.53825569152832,31.134225845336914,29.389400482177734,-0.09872554987668991,35.327911376953125,GNN,3,2024-05-04
200,2,4,200,200,1586.7894287109375,1221.40234375,1368.6551513671875,30.4384708404541,31.034439086914062,29.28961181640625,0.0010642489651218057,35.327911376953125,GNN,3,2024-05-04
400,2,4,400,400,1574.7069091796875,1209.0823974609375,1357.0303955078125,30.23933982849121,30.835311889648438,29.090484619140625,0.2001902461051941,35.327911376953125,GNN,3,2024-05-04
500,2,4,500,500,1568.7086181640625,1202.9654541015625,1351.260009765625,30.139995574951172,30.735963821411133,28.991138458251953,0.2995365262031555,35.327911376953125,GNN,3,2024-05-04
1000,2,4,1000,1000,1539.129150390625,1172.7962646484375,1322.8175048828125,29.68462371826172,30.2412052154541,28.496376037597656,0.7942983508110046,35.327911376953125,GNN,3,2024-05-04
100,6,4,100,100,1574.495849609375,1208.8668212890625,1356.8270263671875,30.2358455657959,30.831817626953125,29.086994171142578,0.20368561148643494,35.327911376953125,GNN,3,2024-05-04
200,6,4,200,200,1568.4713134765625,1202.7235107421875,1351.0318603515625,30.136056900024414,30.732027053833008,28.987201690673828,0.30347326397895813,35.327911376953125,GNN,3,2024-05-04
400,6,4,400,400,1556.5096435546875,1190.524658203125,1339.52783203125,29.941598892211914,30.532913208007812,28.7880859375,0.5025904178619385,35.327911376953125,GNN,3,2024-05-04
500,6,4,500,500,1550.57177734375,1184.46826171875,1333.8182373046875,29.848730087280273,30.43357276916504,28.68874740600586,0.6019302010536194,35.327911376953125,GNN,3,2024-05-04
1000,6,4,1000,1000,1521.2945556640625,1154.6014404296875,1305.677734375,29.44538116455078,29.93886375427246,28.212068557739258,1.0966393947601318,35.327911376953125,GNN,3,2024-05-04
100,12,4,100,100,1451.260498046875,1082.4786376953125,1237.23681640625,28.719528198242188,28.726778030395508,27.33717918395996,2.417550802230835,35.327911376953125,GNN,3,2024-05-04
200,12,4,176,200,621.0191040039062,243.1702423095703,482.1668395996094,21.316789627075195,10.909053802490234,19.226070404052734,32.939579010009766,35.327911376953125,GNN,3,2024-05-04
400,12,4,176,236,621.0191040039062,243.1702423095703,482.1668395996094,21.316789627075195,10.909053802490234,19.226070404052734,32.939579010009766,35.327911376953125,GNN,3,2024-05-04
500,12,4,176,236,621.0191040039062,243.1702423095703,482.1668395996094,21.316789627075195,10.909053802490234,19.226070404052734,32.939579010009766,35.327911376953125,GNN,3,2024-05-04
1000,12,4,176,236,621.0191040039062,243.1702423095703,482.1668395996094,21.316789627075195,10.909053802490234,19.226070404052734,32.939579010009766,35.327911376953125,GNN,3,2024-05-04
100,24,4,86,100,620.9398193359375,242.94036865234375,482.0331726074219,21.315174102783203,10.908432960510254,19.21522331237793,32.96439743041992,35.327911376953125,GNN,3,2024-05-04
200,24,4,86,146,620.9398193359375,242.94036865234375,482.0331726074219,21.315174102783203,10.908432960510254,19.21522331237793,32.96439743041992,35.327911376953125,GNN,3,2024-05-04
400,24,4,86,146,620.9398193359375,242.94036865234375,482.0331726074219,21.315174102783203,10.908432960510254,19.21522331237793,32.96439743041992,35.327911376953125,GNN,3,2024-05-04
500,24,4,86,146,620.9398193359375,242.94036865234375,482.0331726074219,21.315174102783203,10.908432960510254,19.21522331237793,32.96439743041992,35.327911376953125,GNN,3,2024-05-04
1000,24,4,86,146,620.9398193359375,242.94036865234375,482.0331726074219,21.315174102783203,10.908432960510254,19.21522331237793,32.96439743041992,35.327911376953125,GNN,3,2024-05-04
100,2,6,100,100,1549.316650390625,1183.1883544921875,1332.6114501953125,29.829647064208984,30.41253662109375,28.667707443237305,0.622967541217804,35.327911376953125,GNN,3,2024-05-04
200,2,6,200,200,1527.6231689453125,1161.0579833984375,1311.7586669921875,29.526325225830078,30.04650115966797,28.30314826965332,0.9890018701553345,35.327911376953125,GNN,3,2024-05-04
400,2,6,400,400,1433.1510009765625,1064.6192626953125,1221.0782470703125,28.567718505859375,28.3963623046875,27.24704933166504,2.6391420364379883,35.327911376953125,GNN,3,2024-05-04
500,2,6,500,500,1350.4481201171875,980.0934448242188,1141.8897705078125,27.78596305847168,26.866846084594727,26.65877342224121,4.168654441833496,35.327911376953125,GNN,3,2024-05-04
1000,2,6,1000,1000,825.0247192382812,438.6550598144531,647.3382568359375,22.886789321899414,16.9354190826416,22.994131088256836,17.60460090637207,35.327911376953125,GNN,3,2024-05-04
100,6,6,100,100,1532.36669921875,1165.8978271484375,1316.317626953125,29.591609954833984,30.126928329467773,28.38210105895996,0.9085749387741089,35.327911376953125,GNN,3,2024-05-04
200,6,6,200,200,1479.0970458984375,1111.5360107421875,1265.1529541015625,29.003341674804688,29.210786819458008,27.643449783325195,1.8247156143188477,35.327911376953125,GNN,3,2024-05-04
400,6,6,400,400,1216.5196533203125,842.962890625,1014.1338500976562,26.56580352783203,24.180509567260742,25.625568389892578,6.8549933433532715,35.327911376953125,GNN,3,2024-05-04
500,6,6,500,500,1012.4365234375,633.1358032226562,821.1231079101562,24.82003402709961,20.889190673828125,24.362741470336914,11.673944473266602,35.327911376953125,GNN,3,2024-05-04
1000,6,6,1000,1000,660.3888549804688,259.0967712402344,511.46832275390625,22.055723190307617,11.131524085998535,20.10504150390625,30.12398338317871,35.327911376953125,GNN,3,2024-05-04
100,12,6,100,100,1278.00390625,905.4028930664062,1070.288818359375,27.05985450744629,25.488815307617188,25.99722671508789,5.78745698928833,35.327911376953125,GNN,3,2024-05-04
200,12,6,149,200,622.1536254882812,242.99444580078125,484.4231262207031,21.392154693603516,10.897427558898926,19.199472427368164,32.89500045776367,35.327911376953125,GNN,3,2024-05-04
400,12,6,149,209,622.1536254882812,242.99444580078125,484.4231262207031,21.392154693603516,10.897427558898926,19.199472427368164,32.89500045776367,35.327911376953125,GNN,3,2024-05-04
500,12,6,149,209,622.1536254882812,242.99444580078125,484.4231262207031,21.392154693603516,10.897427558898926,19.199472427368164,32.89500045776367,35.327911376953125,GNN,3,2024-05-04
1000,12,6,149,209,622.1536254882812,242.99444580078125,484.4231262207031,21.392154693603516,10.897427558898926,19.199472427368164,32.89500045776367,35.327911376953125,GNN,3,2024-05-04
100,24,6,74,100,621.077880859375,242.3923797607422,482.3915710449219,21.332056045532227,10.891230583190918,19.25768280029297,32.60047912597656,35.327911376953125,GNN,3,2024-05-04
200,24,6,129,189,620.4176025390625,242.35877990722656,482.8003234863281,21.345653533935547,10.886993408203125,19.19392967224121,32.87311935424805,35.327911376953125,GNN,3,2024-05-04
400,24,6,129,189,620.4176025390625,242.35877990722656,482.8003234863281,21.345653533935547,10.886993408203125,19.19392967224121,32.87311935424805,35.327911376953125,GNN,3,2024-05-04
500,24,6,129,189,620.4176025390625,242.35877990722656,482.8003234863281,21.345653533935547,10.886993408203125,19.19392967224121,32.87311935424805,35.327911376953125,GNN,3,2024-05-04
1000,24,6,129,189,620.4176025390625,242.35877990722656,482.8003234863281,21.345653533935547,10.886993408203125,19.19392967224121,32.87311935424805,35.327911376953125,GNN,3,2024-05-04
100,2,2,100,100,1338.60009765625,967.975341796875,1130.56201171875,27.67536163330078,26.640371322631836,26.571664810180664,4.3951311111450195,35.327911376953125,GNN,61,2024-05-04
200,2,2,200,200,1080.1131591796875,702.8673706054688,884.8384399414062,25.42143440246582,22.038536071777344,24.76059341430664,9.949929237365723,35.327911376953125,GNN,61,2024-05-04
400,2,2,400,400,666.9498291015625,268.3578186035156,512.8243408203125,21.97183609008789,11.131525993347168,20.627790451049805,27.85873031616211,35.327911376953125,GNN,61,2024-05-04
500,2,2,500,500,660.3440551757812,258.95489501953125,511.6108093261719,22.065196990966797,11.131525993347168,20.08624267578125,30.205453872680664,35.327911376953125,GNN,61,2024-05-04
1000,2,2,714,774,660.2891235351562,258.6212158203125,512.0936279296875,22.092405319213867,11.131525993347168,20.032245635986328,30.439437866210938,35.327911376953125,GNN,61,2024-05-04
100,6,2,100,100,1277.032470703125,904.9653930664062,1071.7750244140625,27.11803436279297,25.430288314819336,26.10624885559082,5.605215549468994,35.327911376953125,GNN,61,2024-05-04
200,6,2,200,200,855.6105346679688,470.6007385253906,675.3030395507812,23.178367614746094,17.69596290588379,23.257396697998047,16.463788986206055,35.327911376953125,GNN,61,2024-05-04
400,6,2,400,400,660.292236328125,258.6900329589844,511.9698486328125,22.085987091064453,11.131525993347168,20.044981002807617,30.38424301147461,35.327911376953125,GNN,61,2024-05-04
500,6,2,496,500,660.2892456054688,258.62103271484375,512.0938720703125,22.09242057800293,11.131525993347168,20.032207489013672,30.439594268798828,35.327911376953125,GNN,61,2024-05-04
1000,6,2,496,556,660.2892456054688,258.62103271484375,512.0938720703125,22.09242057800293,11.131525993347168,20.032207489013672,30.439594268798828,35.327911376953125,GNN,61,2024-05-04
100,12,2,100,100,1085.119140625,708.0186157226562,889.5645751953125,25.46392059326172,22.119733810424805,24.788700103759766,9.828130722045898,35.327911376953125,GNN,61,2024-05-04
200,12,2,200,200,672.4442749023438,274.9317932128906,516.238037109375,21.992895126342773,11.131526947021484,20.836780548095703,26.953123092651367,35.327911376953125,GNN,61,2024-05-04
400,12,2,290,350,660.2896728515625,258.5975036621094,512.1405029296875,22.094757080078125,11.131524085998535,20.027578353881836,30.459665298461914,35.327911376953125,GNN,61,2024-05-04
500,12,2,290,350,660.2896728515625,258.5975036621094,512.1405029296875,22.094757080078125,11.131524085998535,20.027578353881836,30.459665298461914,35.327911376953125,GNN,61,2024-05-04
1000,12,2,290,350,660.2896728515625,258.5975036621094,512.1405029296875,22.094757080078125,11.131524085998535,20.027578353881836,30.459665298461914,35.327911376953125,GNN,61,2024-05-04
100,24,2,100,100,956.8046875,575.6614379882812,769.0435180664062,24.280744552612305,19.858551025390625,24.005979537963867,13.219904899597168,35.327911376953125,GNN,61,2024-05-04
200,24,2,200,200,660.2891235351562,258.6202087402344,512.0955810546875,22.092504501342773,11.131525993347168,20.032045364379883,30.440305709838867,35.327911376953125,GNN,61,2024-05-04
400,24,2,215,275,660.308837890625,258.4738464355469,512.4349975585938,22.10869026184082,11.131524085998535,19.99992561340332,30.579498291015625,35.327911376953125,GNN,61,2024-05-04
500,24,2,215,275,660.308837890625,258.4738464355469,512.4349975585938,22.10869026184082,11.131524085998535,19.99992561340332,30.579498291015625,35.327911376953125,GNN,61,2024-05-04
1000,24,2,215,275,660.308837890625,258.4738464355469,512.4349975585938,22.10869026184082,11.131524085998535,19.99992561340332,30.579498291015625,35.327911376953125,GNN,61,2024-05-04
100,2,4,100,100,1592.87451171875,1227.6060791015625,1374.5106201171875,30.53825569152832,31.134225845336914,29.389400482177734,-0.09872554987668991,35.327911376953125,GNN,61,2024-05-04
200,2,4,200,200,1586.7894287109375,1221.40234375,1368.6551513671875,30.4384708404541,31.034439086914062,29.28961181640625,0.0010642489651218057,35.327911376953125,GNN,61,2024-05-04
400,2,4,400,400,1574.7069091796875,1209.0823974609375,1357.0303955078125,30.23933982849121,30.835311889648438,29.090484619140625,0.2001902461051941,35.327911376953125,GNN,61,2024-05-04
500,2,4,500,500,1568.7086181640625,1202.9654541015625,1351.260009765625,30.139995574951172,30.735963821411133,28.991138458251953,0.2995365262031555,35.327911376953125,GNN,61,2024-05-04
1000,2,4,1000,1000,1539.129150390625,1172.7962646484375,1322.8175048828125,29.68462371826172,30.2412052154541,28.496376037597656,0.7942983508110046,35.327911376953125,GNN,61,2024-05-04
100,6,4,100,100,1574.495849609375,1208.8668212890625,1356.8270263671875,30.2358455657959,30.831817626953125,29.086994171142578,0.20368561148643494,35.327911376953125,GNN,61,2024-05-04
200,6,4,200,200,1568.4713134765625,1202.7235107421875,1351.0318603515625,30.136056900024414,30.732027053833008,28.987201690673828,0.30347326397895813,35.327911376953125,GNN,61,2024-05-04
400,6,4,400,400,1556.5096435546875,1190.524658203125,1339.52783203125,29.941598892211914,30.532913208007812,28.7880859375,0.5025904178619385,35.327911376953125,GNN,61,2024-05-04
500,6,4,500,500,1550.57177734375,1184.46826171875,1333.8182373046875,29.848730087280273,30.43357276916504,28.68874740600586,0.6019302010536194,35.327911376953125,GNN,61,2024-05-04
1000,6,4,1000,1000,1521.2945556640625,1154.6014404296875,1305.677734375,29.44538116455078,29.93886375427246,28.212068557739258,1.0966393947601318,35.327911376953125,GNN,61,2024-05-04
100,12,4,100,100,1457.7371826171875,1089.728271484375,1244.6563720703125,28.802385330200195,28.83509063720703,27.436431884765625,2.200411796569824,35.327911376953125,GNN,61,2024-05-04
200,12,4,179,200,660.5137329101562,258.2808532714844,513.406982421875,22.147510528564453,11.131525993347168,19.92287826538086,30.91335105895996,35.327911376953125,GNN,61,2024-05-04
400,12,4,203,263,660.6664428710938,258.2662353515625,513.8822021484375,22.16383171081543,11.131525993347168,19.89048957824707,31.053720474243164,35.327911376953125,GNN,61,2024-05-04
500,12,4,203,263,660.6664428710938,258.2662353515625,513.8822021484375,22.16383171081543,11.131525993347168,19.89048957824707,31.053720474243164,35.327911376953125,GNN,61,2024-05-04
1000,12,4,203,263,660.6664428710938,258.2662353515625,513.8822021484375,22.16383171081543,11.131525993347168,19.89048957824707,31.053720474243164,35.327911376953125,GNN,61,2024-05-04
100,24,4,87,100,660.3294677734375,258.422119140625,512.5952758789062,22.11575698852539,11.131524085998535,19.98590087890625,30.640254974365234,35.327911376953125,GNN,61,2024-05-04
200,24,4,107,167,660.664794921875,258.2662048339844,513.8775024414062,22.163677215576172,11.131525993347168,19.890798568725586,31.05237579345703,35.327911376953125,GNN,61,2024-05-04
400,24,4,107,167,660.664794921875,258.2662048339844,513.8775024414062,22.163677215576172,11.131525993347168,19.890798568725586,31.05237579345703,35.327911376953125,GNN,61,2024-05-04
500,24,4,107,167,660.664794921875,258.2662048339844,513.8775024414062,22.163677215576172,11.131525993347168,19.890798568725586,31.05237579345703,35.327911376953125,GNN,61,2024-05-04
1000,24,4,107,167,660.664794921875,258.2662048339844,513.8775024414062,22.163677215576172,11.131525993347168,19.890798568725586,31.05237579345703,35.327911376953125,GNN,61,2024-05-04
100,2,6,100,100,1549.316650390625,1183.1883544921875,1332.6114501953125,29.829647064208984,30.41253662109375,28.667707443237305,0.622967541217804,35.327911376953125,GNN,61,2024-05-04
200,2,6,200,200,1527.6231689453125,1161.0579833984375,1311.7586669921875,29.526325225830078,30.04650115966797,28.30314826965332,0.9890018701553345,35.327911376953125,GNN,61,2024-05-04
400,2,6,400,400,1433.1510009765625,1064.6192626953125,1221.0782470703125,28.567718505859375,28.396360397338867,27.24704933166504,2.6391422748565674,35.327911376953125,GNN,61,2024-05-04
500,2,6,500,500,1350.4481201171875,980.0934448242188,1141.8897705078125,27.78596305847168,26.866846084594727,26.65877342224121,4.168654918670654,35.327911376953125,GNN,61,2024-05-04
1000,2,6,1000,1000,825.0247192382812,438.6550598144531,647.3382568359375,22.886789321899414,16.9354190826416,22.994131088256836,17.60460090637207,35.327911376953125,GNN,61,2024-05-04
100,6,6,100,100,1532.36669921875,1165.8978271484375,1316.317626953125,29.591609954833984,30.126928329467773,28.38210105895996,0.9085748195648193,35.327911376953125,GNN,61,2024-05-04
200,6,6,200,200,1479.0970458984375,1111.5360107421875,1265.1529541015625,29.003341674804688,29.210786819458008,27.643449783325195,1.8247153759002686,35.327911376953125,GNN,61,2024-05-04
400,6,6,400,400,1216.5196533203125,842.962890625,1014.1338500976562,26.56580352783203,24.180509567260742,25.625568389892578,6.8549933433532715,35.327911376953125,GNN,61,2024-05-04
500,6,6,500,500,1012.4365234375,633.1358032226562,821.1231079101562,24.82003402709961,20.889190673828125,24.362741470336914,11.673944473266602,35.327911376953125,GNN,61,2024-05-04
1000,6,6,1000,1000,660.3888549804688,259.0968322753906,511.46832275390625,22.05572509765625,11.131525993347168,20.10504150390625,30.123981475830078,35.327911376953125,GNN,61,2024-05-04
100,12,6,100,100,1258.936767578125,886.4321899414062,1054.522705078125,26.95585060119629,25.063247680664062,25.965078353881836,5.972256183624268,35.327911376953125,GNN,61,2024-05-04
200,12,6,148,200,660.789306640625,258.2782897949219,514.2188110351562,22.174646377563477,11.131525993347168,19.869029998779297,31.146705627441406,35.327911376953125,GNN,61,2024-05-04
400,12,6,148,208,660.789306640625,258.2782897949219,514.2188110351562,22.174646377563477,11.131525993347168,19.869029998779297,31.146705627441406,35.327911376953125,GNN,61,2024-05-04
500,12,6,148,208,660.789306640625,258.2782897949219,514.2188110351562,22.174646377563477,11.131525993347168,19.869029998779297,31.146705627441406,35.327911376953125,GNN,61,2024-05-04
1000,12,6,148,208,660.789306640625,258.2782897949219,514.2188110351562,22.174646377563477,11.131525993347168,19.869029998779297,31.146705627441406,35.327911376953125,GNN,61,2024-05-04
100,24,6,91,100,660.5429077148438,258.2744445800781,513.5048217773438,22.150981903076172,11.131525993347168,19.915992736816406,30.943204879760742,35.327911376953125,GNN,61,2024-05-04
200,24,6,113,173,660.6477661132812,258.2659606933594,513.8280029296875,22.162036895751953,11.131525993347168,19.894054412841797,31.03826332092285,35.327911376953125,GNN,61,2024-05-04
400,24,6,113,173,660.6477661132812,258.2659606933594,513.8280029296875,22.162036895751953,11.131525993347168,19.894054412841797,31.03826332092285,35.327911376953125,GNN,61,2024-05-04
500,24,6,113,173,660.6477661132812,258.2659606933594,513.8280029296875,22.162036895751953,11.131525993347168,19.894054412841797,31.03826332092285,35.327911376953125,GNN,61,2024-05-04
1000,24,6,113,173,660.6477661132812,258.2659606933594,513.8280029296875,22.162036895751953,11.131525993347168,19.894054412841797,31.03826332092285,35.327911376953125,GNN,61,2024-05-04
100,2,2,74,100,0.2057977318763733,0.062496159225702286,0.1727655977010727,0.3532152771949768,0.2175312042236328,0.33311158418655396,0.3365437090396881,1.3670921325683594,GNN,2,2025-01-12
200,2,2,74,134,0.2057977318763733,0.062496159225702286,0.1727655977010727,0.3532152771949768,0.2175312042236328,0.33311158418655396,0.3365437090396881,1.3670921325683594,GNN,2,2025-01-12
400,2,2,74,134,0.2057977318763733,0.062496159225702286,0.1727655977010727,0.3532152771949768,0.2175312042236328,0.33311158418655396,0.3365437090396881,1.3670921325683594,GNN,2,2025-01-12
500,2,2,74,134,0.2057977318763733,0.062496159225702286,0.1727655977010727,0.3532152771949768,0.2175312042236328,0.33311158418655396,0.3365437090396881,1.3670921325683594,GNN,2,2025-01-12
1000,2,2,74,134,0.2057977318763733,0.062496159225702286,0.1727655977010727,0.3532152771949768,0.2175312042236328,0.33311158418655396,0.3365437090396881,1.3670921325683594,GNN,2,2025-01-12
100,6,2,20,80,0.2077805995941162,0.06519811600446701,0.17683283984661102,0.35186076164245605,0.2168595939874649,0.3289474844932556,0.3188563585281372,1.3670921325683594,GNN,2,2025-01-12
200,6,2,20,80,0.2077805995941162,0.06519811600446701,0.17683283984661102,0.35186076164245605,0.2168595939874649,0.3289474844932556,0.3188563585281372,1.3670921325683594,GNN,2,2025-01-12
400,6,2,20,80,0.2077805995941162,0.06519811600446701,0.17683283984661102,0.35186076164245605,0.2168595939874649,0.3289474844932556,0.3188563585281372,1.3670921325683594,GNN,2,2025-01-12
500,6,2,20,80,0.2077805995941162,0.06519811600446701,0.17683283984661102,0.35186076164245605,0.2168595939874649,0.3289474844932556,0.3188563585281372,1.3670921325683594,GNN,2,2025-01-12
1000,6,2,20,80,0.2077805995941162,0.06519811600446701,0.17683283984661102,0.35186076164245605,0.2168595939874649,0.3289474844932556,0.3188563585281372,1.3670921325683594,GNN,2,2025-01-12
100,12,2,73,100,0.2185794860124588,0.07279876619577408,0.178428515791893,0.36683934926986694,0.21541570127010345,0.335027813911438,0.3446737825870514,1.3670921325683594,GNN,2,2025-01-12
200,12,2,73,133,0.2185794860124588,0.07279876619577408,0.178428515791893,0.36683934926986694,0.21541570127010345,0.335027813911438,0.3446737825870514,1.3670921325683594,GNN,2,2025-01-12
400,12,2,73,133,0.2185794860124588,0.07279876619577408,0.178428515791893,0.36683934926986694,0.21541570127010345,0.335027813911438,0.3446737825870514,1.3670921325683594,GNN,2,2025-01-12
500,12,2,73,133,0.2185794860124588,0.07279876619577408,0.178428515791893,0.36683934926986694,0.21541570127010345,0.335027813911438,0.3446737825870514,1.3670921325683594,GNN,2,2025-01-12
1000,12,2,73,133,0.2185794860124588,0.07279876619577408,0.178428515791893,0.36683934926986694,0.21541570127010345,0.335027813911438,0.3446737825870514,1.3670921325683594,GNN,2,2025-01-12
100,24,2,1,61,0.214272141456604,0.0694197341799736,0.1803732067346573,0.3565865457057953,0.2119060754776001,0.3308020234107971,0.31577277183532715,1.3670921325683594,GNN,2,2025-01-12
200,24,2,1,61,0.214272141456604,0.0694197341799736,0.1803732067346573,0.3565865457057953,0.2119060754776001,0.3308020234107971,0.31577277183532715,1.3670921325683594,GNN,2,2025-01-12
400,24,2,1,61,0.214272141456604,0.0694197341799736,0.1803732067346573,0.3565865457057953,0.2119060754776001,0.3308020234107971,0.31577277183532715,1.3670921325683594,GNN,2,2025-01-12
500,24,2,1,61,0.214272141456604,0.0694197341799736,0.1803732067346573,0.3565865457057953,0.2119060754776001,0.3308020234107971,0.31577277183532715,1.3670921325683594,GNN,2,2025-01-12
1000,24,2,1,61,0.214272141456604,0.0694197341799736,0.1803732067346573,0.3565865457057953,0.2119060754776001,0.3308020234107971,0.31577277183532715,1.3670921325683594,GNN,2,2025-01-12
100,2,4,100,100,0.3617500066757202,0.2511681318283081,0.4008641541004181,0.39362895488739014,0.42985376715660095,0.4768161177635193,-0.10242560505867004,1.3670921325683594,GNN,2,2025-01-12
200,2,4,200,200,0.30180370807647705,0.18503369390964508,0.3267074227333069,0.30821654200553894,0.34444138407707214,0.3914036750793457,-0.01701318472623825,1.3670921325683594,GNN,2,2025-01-12
400,2,4,400,400,0.2366451472043991,0.11005989462137222,0.23900897800922394,0.28542646765708923,0.2089642435312271,0.328125923871994,0.11846394836902618,1.3670921325683594,GNN,2,2025-01-12
500,2,4,500,500,0.22188444435596466,0.09168059378862381,0.2159385085105896,0.29762399196624756,0.19375483691692352,0.3207947015762329,0.16841010749340057,1.3670921325683594,GNN,2,2025-01-12
1000,2,4,990,1000,0.20696590840816498,0.06878114491701126,0.18269246816635132,0.3322490453720093,0.19998550415039062,0.3174121677875519,0.2785682678222656,1.3670921325683594,GNN,2,2025-01-12
100,6,4,100,100,0.21646158397197723,0.0844804048538208,0.20643417537212372,0.3038995563983917,0.19375483691692352,0.3189076781272888,0.19294190406799316,1.3670921325683594,GNN,2,2025-01-12
200,6,4,199,200,0.20853246748447418,0.07244238257408142,0.18906928598880768,0.3208281397819519,0.19375483691692352,0.31495335698127747,0.2496558278799057,1.3670921325683594,GNN,2,2025-01-12
400,6,4,392,400,0.20681984722614288,0.06798653304576874,0.18105711042881012,0.33578798174858093,0.20296931266784668,0.3194778859615326,0.2875197231769562,1.3670921325683594,GNN,2,2025-01-12
500,6,4,469,500,0.20680737495422363,0.06778319925069809,0.18060633540153503,0.3368294835090637,0.20384745299816132,0.3200858235359192,0.2901540994644165,1.3670921325683594,GNN,2,2025-01-12
1000,6,4,469,529,0.20680737495422363,0.06778319925069809,0.18060633540153503,0.3368294835090637,0.20384745299816132,0.3200858235359192,0.2901540994644165,1.3670921325683594,GNN,2,2025-01-12
100,12,4,60,100,0.20711743831634521,0.06788045912981033,0.18048524856567383,0.33780163526535034,0.20417779684066772,0.32056811451911926,0.2919936776161194,1.3670921325683594,GNN,2,2025-01-12
200,12,4,60,120,0.20711743831634521,0.06788045912981033,0.18048524856567383,0.33780163526535034,0.20417779684066772,0.32056811451911926,0.2919936776161194,1.3670921325683594,GNN,2,2025-01-12
400,12,4,60,120,0.20711743831634521,0.06788045912981033,0.18048524856567383,0.33780163526535034,0.20417779684066772,0.32056811451911926,0.2919936776161194,1.3670921325683594,GNN,2,2025-01-12
500,12,4,60,120,0.20711743831634521,0.06788045912981033,0.18048524856567383,0.33780163526535034,0.20417779684066772,0.32056811451911926,0.2919936776161194,1.3670921325683594,GNN,2,2025-01-12
1000,12,4,60,120,0.20711743831634521,0.06788045912981033,0.18048524856567383,0.33780163526535034,0.20417779684066772,0.32056811451911926,0.2919936776161194,1.3670921325683594,GNN,2,2025-01-12
100,24,4,22,82,0.21429966390132904,0.06991233676671982,0.17767368257045746,0.36058369278907776,0.2144884616136551,0.3320229649543762,0.33622992038726807,1.3670921325683594,GNN,2,2025-01-12
200,24,4,22,82,0.21429966390132904,0.06991233676671982,0.17767368257045746,0.36058369278907776,0.2144884616136551,0.3320229649543762,0.33622992038726807,1.3670921325683594,GNN,2,2025-01-12
400,24,4,22,82,0.21429966390132904,0.06991233676671982,0.17767368257045746,0.36058369278907776,0.2144884616136551,0.3320229649543762,0.33622992038726807,1.3670921325683594,GNN,2,2025-01-12
500,24,4,22,82,0.21429966390132904,0.06991233676671982,0.17767368257045746,0.36058369278907776,0.2144884616136551,0.3320229649543762,0.33622992038726807,1.3670921325683594,GNN,2,2025-01-12
1000,24,4,22,82,0.21429966390132904,0.06991233676671982,0.17767368257045746,0.36058369278907776,0.2144884616136551,0.3320229649543762,0.33622992038726807,1.3670921325683594,GNN,2,2025-01-12
100,2,6,4,64,0.2088037133216858,0.06646554917097092,0.1749924123287201,0.35636454820632935,0.21909479796886444,0.33064162731170654,0.3358960747718811,1.3670921325683594,GNN,2,2025-01-12
200,2,6,4,64,0.2088037133216858,0.06646554917097092,0.1749924123287201,0.35636454820632935,0.21909479796886444,0.33064162731170654,0.3358960747718811,1.3670921325683594,GNN,2,2025-01-12
400,2,6,4,64,0.2088037133216858,0.06646554917097092,0.1749924123287201,0.35636454820632935,0.21909479796886444,0.33064162731170654,0.3358960747718811,1.3670921325683594,GNN,2,2025-01-12
500,2,6,4,64,0.2088037133216858,0.06646554917097092,0.1749924123287201,0.35636454820632935,0.21909479796886444,0.33064162731170654,0.3358960747718811,1.3670921325683594,GNN,2,2025-01-12
1000,2,6,4,64,0.2088037133216858,0.06646554917097092,0.1749924123287201,0.35636454820632935,0.21909479796886444,0.33064162731170654,0.3358960747718811,1.3670921325683594,GNN,2,2025-01-12
100,6,6,16,76,0.20830278098583221,0.06639989465475082,0.17549100518226624,0.3537099063396454,0.21709215641021729,0.32925525307655334,0.3298882246017456,1.3670921325683594,GNN,2,2025-01-12
200,6,6,16,76,0.20830278098583221,0.06639989465475082,0.17549100518226624,0.3537099063396454,0.21709215641021729,0.32925525307655334,0.3298882246017456,1.3670921325683594,GNN,2,2025-01-12
400,6,6,16,76,0.20830278098583221,0.06639989465475082,0.17549100518226624,0.3537099063396454,0.21709215641021729,0.32925525307655334,0.3298882246017456,1.3670921325683594,GNN,2,2025-01-12
500,6,6,16,76,0.20830278098583221,0.06639989465475082,0.17549100518226624,0.3537099063396454,0.21709215641021729,0.32925525307655334,0.3298882246017456,1.3670921325683594,GNN,2,2025-01-12
1000,6,6,16,76,0.20830278098583221,0.06639989465475082,0.17549100518226624,0.3537099063396454,0.21709215641021729,0.32925525307655334,0.3298882246017456,1.3670921325683594,GNN,2,2025-01-12
100,12,6,26,86,0.20683933794498444,0.06715057045221329,0.17909660935401917,0.34049296379089355,0.2069912999868393,0.32223182916641235,0.2995104193687439,1.3670921325683594,GNN,2,2025-01-12
200,12,6,26,86,0.20683933794498444,0.06715057045221329,0.17909660935401917,0.34049296379089355,0.2069912999868393,0.32223182916641235,0.2995104193687439,1.3670921325683594,GNN,2,2025-01-12
400,12,6,26,86,0.20683933794498444,0.06715057045221329,0.17909660935401917,0.34049296379089355,0.2069912999868393,0.32223182916641235,0.2995104193687439,1.3670921325683594,GNN,2,2025-01-12
500,12,6,26,86,0.20683933794498444,0.06715057045221329,0.17909660935401917,0.34049296379089355,0.2069912999868393,0.32223182916641235,0.2995104193687439,1.3670921325683594,GNN,2,2025-01-12
1000,12,6,26,86,0.20683933794498444,0.06715057045221329,0.17909660935401917,0.34049296379089355,0.2069912999868393,0.32223182916641235,0.2995104193687439,1.3670921325683594,GNN,2,2025-01-12
100,24,6,36,96,0.2162785828113556,0.07127328962087631,0.17958475649356842,0.36074066162109375,0.21183139085769653,0.33193743228912354,0.33110764622688293,1.3670921325683594,GNN,2,2025-01-12
200,24,6,36,96,0.2162785828113556,0.07127328962087631,0.17958475649356842,0.36074066162109375,0.21183139085769653,0.33193743228912354,0.33110764622688293,1.3670921325683594,GNN,2,2025-01-12
400,24,6,36,96,0.2162785828113556,0.07127328962087631,0.17958475649356842,0.36074066162109375,0.21183139085769653,0.33193743228912354,0.33110764622688293,1.3670921325683594,GNN,2,2025-01-12
500,24,6,36,96,0.2162785828113556,0.07127328962087631,0.17958475649356842,0.36074066162109375,0.21183139085769653,0.33193743228912354,0.33110764622688293,1.3670921325683594,GNN,2,2025-01-12
1000,24,6,36,96,0.2162785828113556,0.07127328962087631,0.17958475649356842,0.36074066162109375,0.21183139085769653,0.33193743228912354,0.33110764622688293,1.3670921325683594,GNN,2,2025-01-12
100,2,2,85,100,0.20546673238277435,0.06168964132666588,0.17283445596694946,0.3519207835197449,0.21569402515888214,0.3311917185783386,0.33337587118148804,1.3670921325683594,GNN,3,2025-01-12
200,2,2,85,145,0.20546673238277435,0.06168964132666588,0.17283445596694946,0.3519207835197449,0.21569402515888214,0.3311917185783386,0.33337587118148804,1.3670921325683594,GNN,3,2025-01-12
400,2,2,85,145,0.20546673238277435,0.06168964132666588,0.17283445596694946,0.3519207835197449,0.21569402515888214,0.3311917185783386,0.33337587118148804,1.3670921325683594,GNN,3,2025-01-12
500,2,2,85,145,0.20546673238277435,0.06168964132666588,0.17283445596694946,0.3519207835197449,0.21569402515888214,0.3311917185783386,0.33337587118148804,1.3670921325683594,GNN,3,2025-01-12
1000,2,2,85,145,0.20546673238277435,0.06168964132666588,0.17283445596694946,0.3519207835197449,0.21569402515888214,0.3311917185783386,0.33337587118148804,1.3670921325683594,GNN,3,2025-01-12
100,6,2,20,80,0.20722748339176178,0.06540443003177643,0.17660477757453918,0.3513202965259552,0.2168651819229126,0.328967422246933,0.3203617036342621,1.3670921325683594,GNN,3,2025-01-12
200,6,2,20,80,0.20722748339176178,0.06540443003177643,0.17660477757453918,0.3513202965259552,0.2168651819229126,0.328967422246933,0.3203617036342621,1.3670921325683594,GNN,3,2025-01-12
400,6,2,20,80,0.20722748339176178,0.06540443003177643,0.17660477757453918,0.3513202965259552,0.2168651819229126,0.328967422246933,0.3203617036342621,1.3670921325683594,GNN,3,2025-01-12
500,6,2,20,80,0.20722748339176178,0.06540443003177643,0.17660477757453918,0.3513202965259552,0.2168651819229126,0.328967422246933,0.3203617036342621,1.3670921325683594,GNN,3,2025-01-12
1000,6,2,20,80,0.20722748339176178,0.06540443003177643,0.17660477757453918,0.3513202965259552,0.2168651819229126,0.328967422246933,0.3203617036342621,1.3670921325683594,GNN,3,2025-01-12
100,12,2,74,100,0.21863918006420135,0.07326269149780273,0.17971409857273102,0.3643219769001007,0.2146112322807312,0.33358684182167053,0.3348731994628906,1.3670921325683594,GNN,3,2025-01-12
200,12,2,74,134,0.21863918006420135,0.07326269149780273,0.17971409857273102,0.3643219769001007,0.2146112322807312,0.33358684182167053,0.3348731994628906,1.3670921325683594,GNN,3,2025-01-12
400,12,2,74,134,0.21863918006420135,0.07326269149780273,0.17971409857273102,0.3643219769001007,0.2146112322807312,0.33358684182167053,0.3348731994628906,1.3670921325683594,GNN,3,2025-01-12
500,12,2,74,134,0.21863918006420135,0.07326269149780273,0.17971409857273102,0.3643219769001007,0.2146112322807312,0.33358684182167053,0.3348731994628906,1.3670921325683594,GNN,3,2025-01-12
1000,12,2,74,134,0.21863918006420135,0.07326269149780273,0.17971409857273102,0.3643219769001007,0.2146112322807312,0.33358684182167053,0.3348731994628906,1.3670921325683594,GNN,3,2025-01-12
100,24,2,16,76,0.2141173630952835,0.07007310539484024,0.18020500242710114,0.35704994201660156,0.21360939741134644,0.3311103284358978,0.31785812973976135,1.3670921325683594,GNN,3,2025-01-12
200,24,2,16,76,0.2141173630952835,0.07007310539484024,0.18020500242710114,0.35704994201660156,0.21360939741134644,0.3311103284358978,0.31785812973976135,1.3670921325683594,GNN,3,2025-01-12
400,24,2,16,76,0.2141173630952835,0.07007310539484024,0.18020500242710114,0.35704994201660156,0.21360939741134644,0.3311103284358978,0.31785812973976135,1.3670921325683594,GNN,3,2025-01-12
500,24,2,16,76,0.2141173630952835,0.07007310539484024,0.18020500242710114,0.35704994201660156,0.21360939741134644,0.3311103284358978,0.31785812973976135,1.3670921325683594,GNN,3,2025-01-12
1000,24,2,16,76,0.2141173630952835,0.07007310539484024,0.18020500242710114,0.35704994201660156,0.21360939741134644,0.3311103284358978,0.31785812973976135,1.3670921325683594,GNN,3,2025-01-12
100,2,4,100,100,0.3617500066757202,0.2511681318283081,0.4008641541004181,0.39362895488739014,0.42985376715660095,0.4768161177635193,-0.10242560505867004,1.3670921325683594,GNN,3,2025-01-12
200,2,4,200,200,0.30180370807647705,0.18503369390964508,0.3267074227333069,0.30821654200553894,0.34444138407707214,0.3914036750793457,-0.01701318472623825,1.3670921325683594,GNN,3,2025-01-12
400,2,4,400,400,0.2366451472043991,0.11005989462137222,0.23900897800922394,0.28542646765708923,0.2089642435312271,0.328125923871994,0.11846394836902618,1.3670921325683594,GNN,3,2025-01-12
500,2,4,500,500,0.22188444435596466,0.09168059378862381,0.2159385085105896,0.29762399196624756,0.19375483691692352,0.3207947015762329,0.16841010749340057,1.3670921325683594,GNN,3,2025-01-12
1000,2,4,990,1000,0.20696590840816498,0.06878114491701126,0.18269246816635132,0.3322490453720093,0.19998550415039062,0.3174121677875519,0.2785682678222656,1.3670921325683594,GNN,3,2025-01-12
100,6,4,100,100,0.21646158397197723,0.0844804048538208,0.20643417537212372,0.3038995563983917,0.19375483691692352,0.3189076781272888,0.19294190406799316,1.3670921325683594,GNN,3,2025-01-12
200,6,4,199,200,0.20853246748447418,0.07244238257408142,0.18906928598880768,0.3208281397819519,0.19375483691692352,0.31495335698127747,0.2496558278799057,1.3670921325683594,GNN,3,2025-01-12
400,6,4,392,400,0.20681984722614288,0.06798653304576874,0.18105711042881012,0.33578798174858093,0.20296931266784668,0.3194778859615326,0.2875197231769562,1.3670921325683594,GNN,3,2025-01-12
500,6,4,469,500,0.20680737495422363,0.06778319925069809,0.18060633540153503,0.3368294835090637,0.20384745299816132,0.3200858235359192,0.2901540994644165,1.3670921325683594,GNN,3,2025-01-12
1000,6,4,469,529,0.20680737495422363,0.06778319925069809,0.18060633540153503,0.3368294835090637,0.20384745299816132,0.3200858235359192,0.2901540994644165,1.3670921325683594,GNN,3,2025-01-12
100,12,4,59,100,0.2071332484483719,0.06800230592489243,0.18070824444293976,0.33733174204826355,0.203907310962677,0.3203185200691223,0.2906574010848999,1.3670921325683594,GNN,3,2025-01-12
200,12,4,59,119,0.2071332484483719,0.06800230592489243,0.18070824444293976,0.33733174204826355,0.203907310962677,0.3203185200691223,0.2906574010848999,1.3670921325683594,GNN,3,2025-01-12
400,12,4,59,119,0.2071332484483719,0.06800230592489243,0.18070824444293976,0.33733174204826355,0.203907310962677,0.3203185200691223,0.2906574010848999,1.3670921325683594,GNN,3,2025-01-12
500,12,4,59,119,0.2071332484483719,0.06800230592489243,0.18070824444293976,0.33733174204826355,0.203907310962677,0.3203185200691223,0.2906574010848999,1.3670921325683594,GNN,3,2025-01-12
1000,12,4,59,119,0.2071332484483719,0.06800230592489243,0.18070824444293976,0.33733174204826355,0.203907310962677,0.3203185200691223,0.2906574010848999,1.3670921325683594,GNN,3,2025-01-12
100,24,4,22,82,0.2147476226091385,0.07069140672683716,0.17850404977798462,0.360003799200058,0.21585239470005035,0.3320504426956177,0.3317132890224457,1.3670921325683594,GNN,3,2025-01-12
200,24,4,22,82,0.2147476226091385,0.07069140672683716,0.17850404977798462,0.360003799200058,0.21585239470005035,0.3320504426956177,0.3317132890224457,1.3670921325683594,GNN,3,2025-01-12
400,24,4,22,82,0.2147476226091385,0.07069140672683716,0.17850404977798462,0.360003799200058,0.21585239470005035,0.3320504426956177,0.3317132890224457,1.3670921325683594,GNN,3,2025-01-12
500,24,4,22,82,0.2147476226091385,0.07069140672683716,0.17850404977798462,0.360003799200058,0.21585239470005035,0.3320504426956177,0.3317132890224457,1.3670921325683594,GNN,3,2025-01-12
1000,24,4,22,82,0.2147476226091385,0.07069140672683716,0.17850404977798462,0.360003799200058,0.21585239470005035,0.3320504426956177,0.3317132890224457,1.3670921325683594,GNN,3,2025-01-12
100,2,6,4,64,0.2088037133216858,0.06646554917097092,0.1749924123287201,0.35636454820632935,0.21909479796886444,0.33064162731170654,0.3358960747718811,1.3670921325683594,GNN,3,2025-01-12
200,2,6,4,64,0.2088037133216858,0.06646554917097092,0.1749924123287201,0.35636454820632935,0.21909479796886444,0.33064162731170654,0.3358960747718811,1.3670921325683594,GNN,3,2025-01-12
400,2,6,4,64,0.2088037133216858,0.06646554917097092,0.1749924123287201,0.35636454820632935,0.21909479796886444,0.33064162731170654,0.3358960747718811,1.3670921325683594,GNN,3,2025-01-12
500,2,6,4,64,0.2088037133216858,0.06646554917097092,0.1749924123287201,0.35636454820632935,0.21909479796886444,0.33064162731170654,0.3358960747718811,1.3670921325683594,GNN,3,2025-01-12
1000,2,6,4,64,0.2088037133216858,0.06646554917097092,0.1749924123287201,0.35636454820632935,0.21909479796886444,0.33064162731170654,0.3358960747718811,1.3670921325683594,GNN,3,2025-01-12
100,6,6,16,76,0.20830278098583221,0.06639989465475082,0.17549100518226624,0.3537099063396454,0.21709215641021729,0.32925525307655334,0.3298882246017456,1.3670921325683594,GNN,3,2025-01-12
200,6,6,16,76,0.20830278098583221,0.06639989465475082,0.17549100518226624,0.3537099063396454,0.21709215641021729,0.32925525307655334,0.3298882246017456,1.3670921325683594,GNN,3,2025-01-12
400,6,6,16,76,0.20830278098583221,0.06639989465475082,0.17549100518226624,0.3537099063396454,0.21709215641021729,0.32925525307655334,0.3298882246017456,1.3670921325683594,GNN,3,2025-01-12
500,6,6,16,76,0.20830278098583221,0.06639989465475082,0.17549100518226624,0.3537099063396454,0.21709215641021729,0.32925525307655334,0.3298882246017456,1.3670921325683594,GNN,3,2025-01-12
1000,6,6,16,76,0.20830278098583221,0.06639989465475082,0.17549100518226624,0.3537099063396454,0.21709215641021729,0.32925525307655334,0.3298882246017456,1.3670921325683594,GNN,3,2025-01-12
100,12,6,30,90,0.20682311058044434,0.06703802198171616,0.17885389924049377,0.3410235643386841,0.2074606567621231,0.3225395381450653,0.3009795546531677,1.3670921325683594,GNN,3,2025-01-12
200,12,6,30,90,0.20682311058044434,0.06703802198171616,0.17885389924049377,0.3410235643386841,0.2074606567621231,0.3225395381450653,0.3009795546531677,1.3670921325683594,GNN,3,2025-01-12
400,12,6,30,90,0.20682311058044434,0.06703802198171616,0.17885389924049377,0.3410235643386841,0.2074606567621231,0.3225395381450653,0.3009795546531677,1.3670921325683594,GNN,3,2025-01-12
500,12,6,30,90,0.20682311058044434,0.06703802198171616,0.17885389924049377,0.3410235643386841,0.2074606567621231,0.3225395381450653,0.3009795546531677,1.3670921325683594,GNN,3,2025-01-12
1000,12,6,30,90,0.20682311058044434,0.06703802198171616,0.17885389924049377,0.3410235643386841,0.2074606567621231,0.3225395381450653,0.3009795546531677,1.3670921325683594,GNN,3,2025-01-12
100,24,6,35,95,0.2181379646062851,0.07251128554344177,0.1798028200864792,0.3655940294265747,0.21865250170230865,0.3354567289352417,0.33697637915611267,1.3670921325683594,GNN,3,2025-01-12
200,24,6,35,95,0.2181379646062851,0.07251128554344177,0.1798028200864792,0.3655940294265747,0.21865250170230865,0.3354567289352417,0.33697637915611267,1.3670921325683594,GNN,3,2025-01-12
400,24,6,35,95,0.2181379646062851,0.07251128554344177,0.1798028200864792,0.3655940294265747,0.21865250170230865,0.3354567289352417,0.33697637915611267,1.3670921325683594,GNN,3,2025-01-12
500,24,6,35,95,0.2181379646062851,0.07251128554344177,0.1798028200864792,0.3655940294265747,0.21865250170230865,0.3354567289352417,0.33697637915611267,1.3670921325683594,GNN,3,2025-01-12
1000,24,6,35,95,0.2181379646062851,0.07251128554344177,0.1798028200864792,0.3655940294265747,0.21865250170230865,0.3354567289352417,0.33697637915611267,1.3670921325683594,GNN,3,2025-01-12
100,2,2,71,100,0.2089402824640274,0.06649326533079147,0.17487896978855133,0.3570284843444824,0.21959562599658966,0.33117741346359253,0.3373986780643463,1.3670921325683594,GNN,61,2025-01-12
200,2,2,71,131,0.2089402824640274,0.06649326533079147,0.17487896978855133,0.3570284843444824,0.21959562599658966,0.33117741346359253,0.3373986780643463,1.3670921325683594,GNN,61,2025-01-12
400,2,2,71,131,0.2089402824640274,0.06649326533079147,0.17487896978855133,0.3570284843444824,0.21959562599658966,0.33117741346359253,0.3373986780643463,1.3670921325683594,GNN,61,2025-01-12
500,2,2,71,131,0.2089402824640274,0.06649326533079147,0.17487896978855133,0.3570284843444824,0.21959562599658966,0.33117741346359253,0.3373986780643463,1.3670921325683594,GNN,61,2025-01-12
1000,2,2,71,131,0.2089402824640274,0.06649326533079147,0.17487896978855133,0.3570284843444824,0.21959562599658966,0.33117741346359253,0.3373986780643463,1.3670921325683594,GNN,61,2025-01-12
100,6,2,20,80,0.20822514593601227,0.06639593094587326,0.17558255791664124,0.3532606065273285,0.21675318479537964,0.32902052998542786,0.32887133955955505,1.3670921325683594,GNN,61,2025-01-12
200,6,2,20,80,0.20822514593601227,0.06639593094587326,0.17558255791664124,0.3532606065273285,0.21675318479537964,0.32902052998542786,0.32887133955955505,1.3670921325683594,GNN,61,2025-01-12
400,6,2,20,80,0.20822514593601227,0.06639593094587326,0.17558255791664124,0.3532606065273285,0.21675318479537964,0.32902052998542786,0.32887133955955505,1.3670921325683594,GNN,61,2025-01-12
500,6,2,20,80,0.20822514593601227,0.06639593094587326,0.17558255791664124,0.3532606065273285,0.21675318479537964,0.32902052998542786,0.32887133955955505,1.3670921325683594,GNN,61,2025-01-12
1000,6,2,20,80,0.20822514593601227,0.06639593094587326,0.17558255791664124,0.3532606065273285,0.21675318479537964,0.32902052998542786,0.32887133955955505,1.3670921325683594,GNN,61,2025-01-12
100,12,2,76,100,0.20842012763023376,0.06640943884849548,0.1753608137369156,0.35436737537384033,0.21758818626403809,0.3295985758304596,0.3313761353492737,1.3670921325683594,GNN,61,2025-01-12
200,12,2,76,136,0.20842012763023376,0.06640943884849548,0.1753608137369156,0.35436737537384033,0.21758818626403809,0.3295985758304596,0.3313761353492737,1.3670921325683594,GNN,61,2025-01-12
400,12,2,76,136,0.20842012763023376,0.06640943884849548,0.1753608137369156,0.35436737537384033,0.21758818626403809,0.3295985758304596,0.3313761353492737,1.3670921325683594,GNN,61,2025-01-12
500,12,2,76,136,0.20842012763023376,0.06640943884849548,0.1753608137369156,0.35436737537384033,0.21758818626403809,0.3295985758304596,0.3313761353492737,1.3670921325683594,GNN,61,2025-01-12
1000,12,2,76,136,0.20842012763023376,0.06640943884849548,0.1753608137369156,0.35436737537384033,0.21758818626403809,0.3295985758304596,0.3313761353492737,1.3670921325683594,GNN,61,2025-01-12
100,24,2,1,61,0.20758038759231567,0.06646443158388138,0.17657575011253357,0.34891054034233093,0.21347153186798096,0.32674866914749146,0.31902647018432617,1.3670921325683594,GNN,61,2025-01-12
200,24,2,1,61,0.20758038759231567,0.06646443158388138,0.17657575011253357,0.34891054034233093,0.21347153186798096,0.32674866914749146,0.31902647018432617,1.3670921325683594,GNN,61,2025-01-12
400,24,2,1,61,0.20758038759231567,0.06646443158388138,0.17657575011253357,0.34891054034233093,0.21347153186798096,0.32674866914749146,0.31902647018432617,1.3670921325683594,GNN,61,2025-01-12
500,24,2,1,61,0.20758038759231567,0.06646443158388138,0.17657575011253357,0.34891054034233093,0.21347153186798096,0.32674866914749146,0.31902647018432617,1.3670921325683594,GNN,61,2025-01-12
1000,24,2,1,61,0.20758038759231567,0.06646443158388138,0.17657575011253357,0.34891054034233093,0.21347153186798096,0.32674866914749146,0.31902647018432617,1.3670921325683594,GNN,61,2025-01-12
100,2,4,100,100,0.3617500066757202,0.2511681318283081,0.4008641541004181,0.39362895488739014,0.42985376715660095,0.4768161177635193,-0.10242560505867004,1.3670921325683594,GNN,61,2025-01-12
200,2,4,200,200,0.30180370807647705,0.18503369390964508,0.3267074227333069,0.30821654200553894,0.34444138407707214,0.3914036750793457,-0.01701318472623825,1.3670921325683594,GNN,61,2025-01-12
400,2,4,400,400,0.2366451472043991,0.11005989462137222,0.23900897800922394,0.28542646765708923,0.2089642435312271,0.328125923871994,0.11846394836902618,1.3670921325683594,GNN,61,2025-01-12
500,2,4,500,500,0.22188444435596466,0.09168059378862381,0.2159385085105896,0.29762399196624756,0.19375483691692352,0.3207947015762329,0.16841010749340057,1.3670921325683594,GNN,61,2025-01-12
1000,2,4,990,1000,0.20696590840816498,0.06878114491701126,0.18269246816635132,0.3322490453720093,0.19998550415039062,0.3174121677875519,0.2785682678222656,1.3670921325683594,GNN,61,2025-01-12
100,6,4,100,100,0.21646158397197723,0.0844804048538208,0.20643417537212372,0.3038995563983917,0.19375483691692352,0.3189076781272888,0.19294190406799316,1.3670921325683594,GNN,61,2025-01-12
200,6,4,199,200,0.20853246748447418,0.07244238257408142,0.18906928598880768,0.3208281397819519,0.19375483691692352,0.31495335698127747,0.2496558278799057,1.3670921325683594,GNN,61,2025-01-12
400,6,4,392,400,0.20681984722614288,0.06798653304576874,0.18105711042881012,0.33578798174858093,0.20296931266784668,0.3194778859615326,0.2875197231769562,1.3670921325683594,GNN,61,2025-01-12
500,6,4,469,500,0.20680737495422363,0.06778319925069809,0.18060633540153503,0.3368294835090637,0.20384745299816132,0.3200858235359192,0.2901540994644165,1.3670921325683594,GNN,61,2025-01-12
1000,6,4,469,529,0.20680737495422363,0.06778319925069809,0.18060633540153503,0.3368294835090637,0.20384745299816132,0.3200858235359192,0.2901540994644165,1.3670921325683594,GNN,61,2025-01-12
100,12,4,58,100,0.20688234269618988,0.0671502873301506,0.17905570566654205,0.34069234132766724,0.2071043699979782,0.32234060764312744,0.2999248504638672,1.3670921325683594,GNN,61,2025-01-12
200,12,4,58,118,0.20688234269618988,0.0671502873301506,0.17905570566654205,0.34069234132766724,0.2071043699979782,0.32234060764312744,0.2999248504638672,1.3670921325683594,GNN,61,2025-01-12
400,12,4,58,118,0.20688234269618988,0.0671502873301506,0.17905570566654205,0.34069234132766724,0.2071043699979782,0.32234060764312744,0.2999248504638672,1.3670921325683594,GNN,61,2025-01-12
500,12,4,58,118,0.20688234269618988,0.0671502873301506,0.17905570566654205,0.34069234132766724,0.2071043699979782,0.32234060764312744,0.2999248504638672,1.3670921325683594,GNN,61,2025-01-12
1000,12,4,58,118,0.20688234269618988,0.0671502873301506,0.17905570566654205,0.34069234132766724,0.2071043699979782,0.32234060764312744,0.2999248504638672,1.3670921325683594,GNN,61,2025-01-12
100,24,4,14,74,0.20791572332382202,0.0664023607969284,0.1759984791278839,0.35133418440818787,0.21529996395111084,0.32801443338394165,0.3245115876197815,1.3670921325683594,GNN,61,2025-01-12
200,24,4,14,74,0.20791572332382202,0.0664023607969284,0.1759984791278839,0.35133418440818787,0.21529996395111084,0.32801443338394165,0.3245115876197815,1.3670921325683594,GNN,61,2025-01-12
400,24,4,14,74,0.20791572332382202,0.0664023607969284,0.1759984791278839,0.35133418440818787,0.21529996395111084,0.32801443338394165,0.3245115876197815,1.3670921325683594,GNN,61,2025-01-12
500,24,4,14,74,0.20791572332382202,0.0664023607969284,0.1759984791278839,0.35133418440818787,0.21529996395111084,0.32801443338394165,0.3245115876197815,1.3670921325683594,GNN,61,2025-01-12
1000,24,4,14,74,0.20791572332382202,0.0664023607969284,0.1759984791278839,0.35133418440818787,0.21529996395111084,0.32801443338394165,0.3245115876197815,1.3670921325683594,GNN,61,2025-01-12
100,2,6,4,64,0.2088037133216858,0.06646554917097092,0.1749924123287201,0.35636454820632935,0.21909479796886444,0.33064162731170654,0.3358960747718811,1.3670921325683594,GNN,61,2025-01-12
200,2,6,4,64,0.2088037133216858,0.06646554917097092,0.1749924123287201,0.35636454820632935,0.21909479796886444,0.33064162731170654,0.3358960747718811,1.3670921325683594,GNN,61,2025-01-12
400,2,6,4,64,0.2088037133216858,0.06646554917097092,0.1749924123287201,0.35636454820632935,0.21909479796886444,0.33064162731170654,0.3358960747718811,1.3670921325683594,GNN,61,2025-01-12
500,2,6,4,64,0.2088037133216858,0.06646554917097092,0.1749924123287201,0.35636454820632935,0.21909479796886444,0.33064162731170654,0.3358960747718811,1.3670921325683594,GNN,61,2025-01-12
1000,2,6,4,64,0.2088037133216858,0.06646554917097092,0.1749924123287201,0.35636454820632935,0.21909479796886444,0.33064162731170654,0.3358960747718811,1.3670921325683594,GNN,61,2025-01-12
100,6,6,16,76,0.20830278098583221,0.06639989465475082,0.17549100518226624,0.3537099063396454,0.21709215641021729,0.32925525307655334,0.3298882246017456,1.3670921325683594,GNN,61,2025-01-12
200,6,6,16,76,0.20830278098583221,0.06639989465475082,0.17549100518226624,0.3537099063396454,0.21709215641021729,0.32925525307655334,0.3298882246017456,1.3670921325683594,GNN,61,2025-01-12
400,6,6,16,76,0.20830278098583221,0.06639989465475082,0.17549100518226624,0.3537099063396454,0.21709215641021729,0.32925525307655334,0.3298882246017456,1.3670921325683594,GNN,61,2025-01-12
500,6,6,16,76,0.20830278098583221,0.06639989465475082,0.17549100518226624,0.3537099063396454,0.21709215641021729,0.32925525307655334,0.3298882246017456,1.3670921325683594,GNN,61,2025-01-12
1000,6,6,16,76,0.20830278098583221,0.06639989465475082,0.17549100518226624,0.3537099063396454,0.21709215641021729,0.32925525307655334,0.3298882246017456,1.3670921325683594,GNN,61,2025-01-12
100,12,6,28,88,0.20695017278194427,0.06698089092969894,0.17857874929904938,0.34198686480522156,0.20819580554962158,0.32309624552726746,0.30319923162460327,1.3670921325683594,GNN,61,2025-01-12
200,12,6,28,88,0.20695017278194427,0.06698089092969894,0.17857874929904938,0.34198686480522156,0.20819580554962158,0.32309624552726746,0.30319923162460327,1.3670921325683594,GNN,61,2025-01-12
400,12,6,28,88,0.20695017278194427,0.06698089092969894,0.17857874929904938,0.34198686480522156,0.20819580554962158,0.32309624552726746,0.30319923162460327,1.3670921325683594,GNN,61,2025-01-12
500,12,6,28,88,0.20695017278194427,0.06698089092969894,0.17857874929904938,0.34198686480522156,0.20819580554962158,0.32309624552726746,0.30319923162460327,1.3670921325683594,GNN,61,2025-01-12
1000,12,6,28,88,0.20695017278194427,0.06698089092969894,0.17857874929904938,0.34198686480522156,0.20819580554962158,0.32309624552726746,0.30319923162460327,1.3670921325683594,GNN,61,2025-01-12
100,24,6,26,86,0.20757007598876953,0.06646760553121567,0.17659640312194824,0.34882819652557373,0.21340946853160858,0.3267056345939636,0.3188400864601135,1.3670921325683594,GNN,61,2025-01-12
200,24,6,26,86,0.20757007598876953,0.06646760553121567,0.17659640312194824,0.34882819652557373,0.21340946853160858,0.3267056345939636,0.3188400864601135,1.3670921325683594,GNN,61,2025-01-12
400,24,6,26,86,0.20757007598876953,0.06646760553121567,0.17659640312194824,0.34882819652557373,0.21340946853160858,0.3267056345939636,0.3188400864601135,1.3670921325683594,GNN,61,2025-01-12
500,24,6,26,86,0.20757007598876953,0.06646760553121567,0.17659640312194824,0.34882819652557373,0.21340946853160858,0.3267056345939636,0.3188400864601135,1.3670921325683594,GNN,61,2025-01-12
1000,24,6,26,86,0.20757007598876953,0.06646760553121567,0.17659640312194824,0.34882819652557373,0.21340946853160858,0.3267056345939636,0.3188400864601135,1.3670921325683594,GNN,61,2025-01-12
100,2,2,100,100,0.07499273866415024,0.10303092002868652,0.08632440119981766,0.2594933807849884,0.30062320828437805,0.29295599460601807,0.3033173084259033,0.0,GNN,2,2025-02-08
200,2,2,200,200,0.05580282583832741,0.09243235737085342,0.0636901929974556,0.22360184788703918,0.2667219340801239,0.24950841069221497,0.25129589438438416,0.0,GNN,2,2025-02-08
400,2,2,400,400,0.03900632634758949,0.08636239171028137,0.04249793663620949,0.18403944373130798,0.22294962406158447,0.19407258927822113,0.18553203344345093,0.0,GNN,2,2025-02-08
500,2,2,418,478,0.03807232156395912,0.08626207709312439,0.041232459247112274,0.1811280995607376,0.2196113020181656,0.18983548879623413,0.1805245578289032,0.0,GNN,2,2025-02-08
1000,2,2,418,478,0.03807232156395912,0.08626207709312439,0.041232459247112274,0.1811280995607376,0.2196113020181656,0.18983548879623413,0.1805245578289032,0.0,GNN,2,2025-02-08
100,6,2,25,85,0.03493339940905571,0.08954865485429764,0.037740763276815414,0.17133653163909912,0.22048385441303253,0.18063077330589294,0.1654471755027771,0.0,GNN,2,2025-02-08
200,6,2,25,85,0.03493339940905571,0.08954865485429764,0.037740763276815414,0.17133653163909912,0.22048385441303253,0.18063077330589294,0.1654471755027771,0.0,GNN,2,2025-02-08
400,6,2,25,85,0.03493339940905571,0.08954865485429764,0.037740763276815414,0.17133653163909912,0.22048385441303253,0.18063077330589294,0.1654471755027771,0.0,GNN,2,2025-02-08
500,6,2,25,85,0.03493339940905571,0.08954865485429764,0.037740763276815414,0.17133653163909912,0.22048385441303253,0.18063077330589294,0.1654471755027771,0.0,GNN,2,2025-02-08
1000,6,2,25,85,0.03493339940905571,0.08954865485429764,0.037740763276815414,0.17133653163909912,0.22048385441303253,0.18063077330589294,0.1654471755027771,0.0,GNN,2,2025-02-08
100,12,2,99,100,0.0418551079928875,0.08463618904352188,0.04538664594292641,0.19017532467842102,0.21848873794078827,0.1983216553926468,0.19746914505958557,0.0,GNN,2,2025-02-08
200,12,2,99,159,0.0418551079928875,0.08463618904352188,0.04538664594292641,0.19017532467842102,0.21848873794078827,0.1983216553926468,0.19746914505958557,0.0,GNN,2,2025-02-08
400,12,2,99,159,0.0418551079928875,0.08463618904352188,0.04538664594292641,0.19017532467842102,0.21848873794078827,0.1983216553926468,0.19746914505958557,0.0,GNN,2,2025-02-08
500,12,2,99,159,0.0418551079928875,0.08463618904352188,0.04538664594292641,0.19017532467842102,0.21848873794078827,0.1983216553926468,0.19746914505958557,0.0,GNN,2,2025-02-08
1000,12,2,99,159,0.0418551079928875,0.08463618904352188,0.04538664594292641,0.19017532467842102,0.21848873794078827,0.1983216553926468,0.19746914505958557,0.0,GNN,2,2025-02-08
100,24,2,18,78,0.03882705792784691,0.08803636580705643,0.04267241433262825,0.1832427978515625,0.2238759994506836,0.193807452917099,0.18784083425998688,0.0,GNN,2,2025-02-08
200,24,2,18,78,0.03882705792784691,0.08803636580705643,0.04267241433262825,0.1832427978515625,0.2238759994506836,0.193807452917099,0.18784083425998688,0.0,GNN,2,2025-02-08
400,24,2,18,78,0.03882705792784691,0.08803636580705643,0.04267241433262825,0.1832427978515625,0.2238759994506836,0.193807452917099,0.18784083425998688,0.0,GNN,2,2025-02-08
500,24,2,18,78,0.03882705792784691,0.08803636580705643,0.04267241433262825,0.1832427978515625,0.2238759994506836,0.193807452917099,0.18784083425998688,0.0,GNN,2,2025-02-08
1000,24,2,18,78,0.03882705792784691,0.08803636580705643,0.04267241433262825,0.1832427978515625,0.2238759994506836,0.193807452917099,0.18784083425998688,0.0,GNN,2,2025-02-08
100,2,4,100,100,0.06789611279964447,0.16367684304714203,0.05213448032736778,0.19509142637252808,0.27833646535873413,0.1619943082332611,-0.10532405227422714,0.0,GNN,2,2025-02-08
200,2,4,200,200,0.04458346590399742,0.12810219824314117,0.033697038888931274,0.12144138664007187,0.20468644797801971,0.08834429085254669,-0.03167401999235153,0.0,GNN,2,2025-02-08
400,2,4,399,400,0.0310747679322958,0.10023579001426697,0.025896761566400528,0.11452949792146683,0.17212675511837006,0.0846148207783699,0.0545634999871254,0.0,GNN,2,2025-02-08
500,2,4,498,500,0.03009651228785515,0.09608644992113113,0.02617928571999073,0.12383134663105011,0.17847563326358795,0.09936878085136414,0.07361016422510147,0.0,GNN,2,2025-02-08
1000,2,4,772,832,0.029836516827344894,0.09330781549215317,0.026920679956674576,0.13121940195560455,0.18351830542087555,0.11216934770345688,0.08873811364173889,0.0,GNN,2,2025-02-08
100,6,4,0,60,0.029978863894939423,0.09128502011299133,0.027923859655857086,0.13757051527500153,0.18785317242145538,0.12317327409982681,0.10174272954463959,0.0,GNN,2,2025-02-08
200,6,4,0,60,0.029978863894939423,0.09128502011299133,0.027923859655857086,0.13757051527500153,0.18785317242145538,0.12317327409982681,0.10174272954463959,0.0,GNN,2,2025-02-08
400,6,4,0,60,0.029978863894939423,0.09128502011299133,0.027923859655857086,0.13757051527500153,0.18785317242145538,0.12317327409982681,0.10174272954463959,0.0,GNN,2,2025-02-08
500,6,4,0,60,0.029978863894939423,0.09128502011299133,0.027923859655857086,0.13757051527500153,0.18785317242145538,0.12317327409982681,0.10174272954463959,0.0,GNN,2,2025-02-08
1000,6,4,0,60,0.029978863894939423,0.09128502011299133,0.027923859655857086,0.13757051527500153,0.18785317242145538,0.12317327409982681,0.10174272954463959,0.0,GNN,2,2025-02-08
100,12,4,19,79,0.030147381126880646,0.08993948251008987,0.029060132801532745,0.14453640580177307,0.19299696385860443,0.13653695583343506,0.11570042371749878,0.0,GNN,2,2025-02-08
200,12,4,19,79,0.030147381126880646,0.08993948251008987,0.029060132801532745,0.14453640580177307,0.19299696385860443,0.13653695583343506,0.11570042371749878,0.0,GNN,2,2025-02-08
400,12,4,19,79,0.030147381126880646,0.08993948251008987,0.029060132801532745,0.14453640580177307,0.19299696385860443,0.13653695583343506,0.11570042371749878,0.0,GNN,2,2025-02-08
500,12,4,19,79,0.030147381126880646,0.08993948251008987,0.029060132801532745,0.14453640580177307,0.19299696385860443,0.13653695583343506,0.11570042371749878,0.0,GNN,2,2025-02-08
1000,12,4,19,79,0.030147381126880646,0.08993948251008987,0.029060132801532745,0.14453640580177307,0.19299696385860443,0.13653695583343506,0.11570042371749878,0.0,GNN,2,2025-02-08
100,24,4,9,69,0.03610238432884216,0.08486781269311905,0.03790652006864548,0.17227202653884888,0.20794107019901276,0.17400012910366058,0.1651480793952942,0.0,GNN,2,2025-02-08
200,24,4,9,69,0.03610238432884216,0.08486781269311905,0.03790652006864548,0.17227202653884888,0.20794107019901276,0.17400012910366058,0.1651480793952942,0.0,GNN,2,2025-02-08
400,24,4,9,69,0.03610238432884216,0.08486781269311905,0.03790652006864548,0.17227202653884888,0.20794107019901276,0.17400012910366058,0.1651480793952942,0.0,GNN,2,2025-02-08
500,24,4,9,69,0.03610238432884216,0.08486781269311905,0.03790652006864548,0.17227202653884888,0.20794107019901276,0.17400012910366058,0.1651480793952942,0.0,GNN,2,2025-02-08
1000,24,4,9,69,0.03610238432884216,0.08486781269311905,0.03790652006864548,0.17227202653884888,0.20794107019901276,0.17400012910366058,0.1651480793952942,0.0,GNN,2,2025-02-08
100,2,6,90,100,0.038383226841688156,0.08629045635461807,0.041655443608760834,0.18211470544338226,0.2207426279783249,0.19127067923545837,0.18222151696681976,0.0,GNN,2,2025-02-08
200,2,6,90,150,0.038383226841688156,0.08629045635461807,0.041655443608760834,0.18211470544338226,0.2207426279783249,0.19127067923545837,0.18222151696681976,0.0,GNN,2,2025-02-08
400,2,6,90,150,0.038383226841688156,0.08629045635461807,0.041655443608760834,0.18211470544338226,0.2207426279783249,0.19127067923545837,0.18222151696681976,0.0,GNN,2,2025-02-08
500,2,6,90,150,0.038383226841688156,0.08629045635461807,0.041655443608760834,0.18211470544338226,0.2207426279783249,0.19127067923545837,0.18222151696681976,0.0,GNN,2,2025-02-08
1000,2,6,90,150,0.038383226841688156,0.08629045635461807,0.041655443608760834,0.18211470544338226,0.2207426279783249,0.19127067923545837,0.18222151696681976,0.0,GNN,2,2025-02-08
100,6,6,54,100,0.038301464170217514,0.08628249168395996,0.041544344276189804,0.18185701966285706,0.2204471230506897,0.19089564681053162,0.18177828192710876,0.0,GNN,2,2025-02-08
200,6,6,54,114,0.038301464170217514,0.08628249168395996,0.041544344276189804,0.18185701966285706,0.2204471230506897,0.19089564681053162,0.18177828192710876,0.0,GNN,2,2025-02-08
400,6,6,54,114,0.038301464170217514,0.08628249168395996,0.041544344276189804,0.18185701966285706,0.2204471230506897,0.19089564681053162,0.18177828192710876,0.0,GNN,2,2025-02-08
500,6,6,54,114,0.038301464170217514,0.08628249168395996,0.041544344276189804,0.18185701966285706,0.2204471230506897,0.19089564681053162,0.18177828192710876,0.0,GNN,2,2025-02-08
1000,6,6,54,114,0.038301464170217514,0.08628249168395996,0.041544344276189804,0.18185701966285706,0.2204471230506897,0.19089564681053162,0.18177828192710876,0.0,GNN,2,2025-02-08
100,12,6,0,60,0.03690750524401665,0.0865631029009819,0.03974613919854164,0.1775718331336975,0.21703548729419708,0.18528327345848083,0.1743418425321579,0.0,GNN,2,2025-02-08
200,12,6,0,60,0.03690750524401665,0.0865631029009819,0.03974613919854164,0.1775718331336975,0.21703548729419708,0.18528327345848083,0.1743418425321579,0.0,GNN,2,2025-02-08
400,12,6,0,60,0.03690750524401665,0.0865631029009819,0.03974613919854164,0.1775718331336975,0.21703548729419708,0.18528327345848083,0.1743418425321579,0.0,GNN,2,2025-02-08
500,12,6,0,60,0.03690750524401665,0.0865631029009819,0.03974613919854164,0.1775718331336975,0.21703548729419708,0.18528327345848083,0.1743418425321579,0.0,GNN,2,2025-02-08
1000,12,6,0,60,0.03690750524401665,0.0865631029009819,0.03974613919854164,0.1775718331336975,0.21703548729419708,0.18528327345848083,0.1743418425321579,0.0,GNN,2,2025-02-08
100,24,6,22,82,0.03345566987991333,0.08570650219917297,0.03392595797777176,0.1605774462223053,0.2005273848772049,0.15529824793338776,0.1431327760219574,0.0,GNN,2,2025-02-08
200,24,6,22,82,0.03345566987991333,0.08570650219917297,0.03392595797777176,0.1605774462223053,0.2005273848772049,0.15529824793338776,0.1431327760219574,0.0,GNN,2,2025-02-08
400,24,6,22,82,0.03345566987991333,0.08570650219917297,0.03392595797777176,0.1605774462223053,0.2005273848772049,0.15529824793338776,0.1431327760219574,0.0,GNN,2,2025-02-08
500,24,6,22,82,0.03345566987991333,0.08570650219917297,0.03392595797777176,0.1605774462223053,0.2005273848772049,0.15529824793338776,0.1431327760219574,0.0,GNN,2,2025-02-08
1000,24,6,22,82,0.03345566987991333,0.08570650219917297,0.03392595797777176,0.1605774462223053,0.2005273848772049,0.15529824793338776,0.1431327760219574,0.0,GNN,2,2025-02-08
100,2,2,100,100,0.07502537965774536,0.10298812389373779,0.08628707379102707,0.259558767080307,0.3005024492740631,0.2929023504257202,0.3031785786151886,0.0,GNN,3,2025-02-08
200,2,2,200,200,0.05580583214759827,0.09241687506437302,0.06367896497249603,0.2236071228981018,0.266663521528244,0.24948352575302124,0.25127577781677246,0.0,GNN,3,2025-02-08
400,2,2,390,400,0.03955449163913727,0.08644209057092667,0.0432361364364624,0.18568307161331177,0.22483955323696136,0.19647060334682465,0.18836647272109985,0.0,GNN,3,2025-02-08
500,2,2,426,486,0.03767715394496918,0.08623518794775009,0.0406951829791069,0.17985181510448456,0.21815447509288788,0.18798457086086273,0.17834295332431793,0.0,GNN,3,2025-02-08
1000,2,2,426,486,0.03767715394496918,0.08623518794775009,0.0406951829791069,0.17985181510448456,0.21815447509288788,0.18798457086086273,0.17834295332431793,0.0,GNN,3,2025-02-08
100,6,2,25,85,0.03483254089951515,0.08941739797592163,0.037921302020549774,0.17114466428756714,0.2203293889760971,0.1809903085231781,0.16755041480064392,0.0,GNN,3,2025-02-08
200,6,2,25,85,0.03483254089951515,0.08941739797592163,0.037921302020549774,0.17114466428756714,0.2203293889760971,0.1809903085231781,0.16755041480064392,0.0,GNN,3,2025-02-08
400,6,2,25,85,0.03483254089951515,0.08941739797592163,0.037921302020549774,0.17114466428756714,0.2203293889760971,0.1809903085231781,0.16755041480064392,0.0,GNN,3,2025-02-08
500,6,2,25,85,0.03483254089951515,0.08941739797592163,0.037921302020549774,0.17114466428756714,0.2203293889760971,0.1809903085231781,0.16755041480064392,0.0,GNN,3,2025-02-08
1000,6,2,25,85,0.03483254089951515,0.08941739797592163,0.037921302020549774,0.17114466428756714,0.2203293889760971,0.1809903085231781,0.16755041480064392,0.0,GNN,3,2025-02-08
100,12,2,98,100,0.042494334280490875,0.08477158099412918,0.045768145471811295,0.1919313669204712,0.21961776912212372,0.1997176557779312,0.1974480152130127,0.0,GNN,3,2025-02-08
200,12,2,102,162,0.04057316854596138,0.08466111868619919,0.04333515465259552,0.1863902062177658,0.21584491431713104,0.1918489784002304,0.1879895031452179,0.0,GNN,3,2025-02-08
400,12,2,102,162,0.04057316854596138,0.08466111868619919,0.04333515465259552,0.1863902062177658,0.21584491431713104,0.1918489784002304,0.1879895031452179,0.0,GNN,3,2025-02-08
500,12,2,102,162,0.04057316854596138,0.08466111868619919,0.04333515465259552,0.1863902062177658,0.21584491431713104,0.1918489784002304,0.1879895031452179,0.0,GNN,3,2025-02-08
1000,12,2,102,162,0.04057316854596138,0.08466111868619919,0.04333515465259552,0.1863902062177658,0.21584491431713104,0.1918489784002304,0.1879895031452179,0.0,GNN,3,2025-02-08
100,24,2,18,78,0.03875992074608803,0.08796516805887222,0.04250672087073326,0.18310372531414032,0.2229522317647934,0.19315284490585327,0.1871832311153412,0.0,GNN,3,2025-02-08
200,24,2,18,78,0.03875992074608803,0.08796516805887222,0.04250672087073326,0.18310372531414032,0.2229522317647934,0.19315284490585327,0.1871832311153412,0.0,GNN,3,2025-02-08
400,24,2,18,78,0.03875992074608803,0.08796516805887222,0.04250672087073326,0.18310372531414032,0.2229522317647934,0.19315284490585327,0.1871832311153412,0.0,GNN,3,2025-02-08
500,24,2,18,78,0.03875992074608803,0.08796516805887222,0.04250672087073326,0.18310372531414032,0.2229522317647934,0.19315284490585327,0.1871832311153412,0.0,GNN,3,2025-02-08
1000,24,2,18,78,0.03875992074608803,0.08796516805887222,0.04250672087073326,0.18310372531414032,0.2229522317647934,0.19315284490585327,0.1871832311153412,0.0,GNN,3,2025-02-08
100,2,4,100,100,0.06789611279964447,0.16367684304714203,0.05213448032736778,0.19509142637252808,0.27833646535873413,0.1619943082332611,-0.10532405227422714,0.0,GNN,3,2025-02-08
200,2,4,200,200,0.04458346590399742,0.12810219824314117,0.033697038888931274,0.12144138664007187,0.20468644797801971,0.08834429085254669,-0.03167401999235153,0.0,GNN,3,2025-02-08
400,2,4,399,400,0.0310747679322958,0.10023579001426697,0.025896761566400528,0.11452949792146683,0.17212675511837006,0.0846148207783699,0.0545634999871254,0.0,GNN,3,2025-02-08
500,2,4,498,500,0.03009651228785515,0.09608644992113113,0.02617928571999073,0.12383134663105011,0.17847563326358795,0.09936878085136414,0.07361016422510147,0.0,GNN,3,2025-02-08
1000,2,4,772,832,0.029836516827344894,0.09330781549215317,0.026920679956674576,0.13121940195560455,0.18351830542087555,0.11216934770345688,0.08873811364173889,0.0,GNN,3,2025-02-08
100,6,4,0,60,0.029978863894939423,0.09128502011299133,0.027923859655857086,0.13757051527500153,0.18785317242145538,0.12317327409982681,0.10174272954463959,0.0,GNN,3,2025-02-08
200,6,4,0,60,0.029978863894939423,0.09128502011299133,0.027923859655857086,0.13757051527500153,0.18785317242145538,0.12317327409982681,0.10174272954463959,0.0,GNN,3,2025-02-08
400,6,4,0,60,0.029978863894939423,0.09128502011299133,0.027923859655857086,0.13757051527500153,0.18785317242145538,0.12317327409982681,0.10174272954463959,0.0,GNN,3,2025-02-08
500,6,4,0,60,0.029978863894939423,0.09128502011299133,0.027923859655857086,0.13757051527500153,0.18785317242145538,0.12317327409982681,0.10174272954463959,0.0,GNN,3,2025-02-08
1000,6,4,0,60,0.029978863894939423,0.09128502011299133,0.027923859655857086,0.13757051527500153,0.18785317242145538,0.12317327409982681,0.10174272954463959,0.0,GNN,3,2025-02-08
100,12,4,19,79,0.030078982934355736,0.08975755423307419,0.029147308319807053,0.14441566169261932,0.19306395947933197,0.1366177499294281,0.1161775290966034,0.0,GNN,3,2025-02-08
200,12,4,19,79,0.030078982934355736,0.08975755423307419,0.029147308319807053,0.14441566169261932,0.19306395947933197,0.1366177499294281,0.1161775290966034,0.0,GNN,3,2025-02-08
400,12,4,19,79,0.030078982934355736,0.08975755423307419,0.029147308319807053,0.14441566169261932,0.19306395947933197,0.1366177499294281,0.1161775290966034,0.0,GNN,3,2025-02-08
500,12,4,19,79,0.030078982934355736,0.08975755423307419,0.029147308319807053,0.14441566169261932,0.19306395947933197,0.1366177499294281,0.1161775290966034,0.0,GNN,3,2025-02-08
1000,12,4,19,79,0.030078982934355736,0.08975755423307419,0.029147308319807053,0.14441566169261932,0.19306395947933197,0.1366177499294281,0.1161775290966034,0.0,GNN,3,2025-02-08
100,24,4,9,69,0.03596097230911255,0.08523568511009216,0.03736349195241928,0.17158709466457367,0.2071971744298935,0.17223045229911804,0.1624220609664917,0.0,GNN,3,2025-02-08
200,24,4,9,69,0.03596097230911255,0.08523568511009216,0.03736349195241928,0.17158709466457367,0.2071971744298935,0.17223045229911804,0.1624220609664917,0.0,GNN,3,2025-02-08
400,24,4,9,69,0.03596097230911255,0.08523568511009216,0.03736349195241928,0.17158709466457367,0.2071971744298935,0.17223045229911804,0.1624220609664917,0.0,GNN,3,2025-02-08
500,24,4,9,69,0.03596097230911255,0.08523568511009216,0.03736349195241928,0.17158709466457367,0.2071971744298935,0.17223045229911804,0.1624220609664917,0.0,GNN,3,2025-02-08
1000,24,4,9,69,0.03596097230911255,0.08523568511009216,0.03736349195241928,0.17158709466457367,0.2071971744298935,0.17223045229911804,0.1624220609664917,0.0,GNN,3,2025-02-08
100,2,6,90,100,0.038383226841688156,0.08629045635461807,0.041655443608760834,0.18211470544338226,0.2207426279783249,0.19127067923545837,0.18222151696681976,0.0,GNN,3,2025-02-08
200,2,6,90,150,0.038383226841688156,0.08629045635461807,0.041655443608760834,0.18211470544338226,0.2207426279783249,0.19127067923545837,0.18222151696681976,0.0,GNN,3,2025-02-08
400,2,6,90,150,0.038383226841688156,0.08629045635461807,0.041655443608760834,0.18211470544338226,0.2207426279783249,0.19127067923545837,0.18222151696681976,0.0,GNN,3,2025-02-08
500,2,6,90,150,0.038383226841688156,0.08629045635461807,0.041655443608760834,0.18211470544338226,0.2207426279783249,0.19127067923545837,0.18222151696681976,0.0,GNN,3,2025-02-08
1000,2,6,90,150,0.038383226841688156,0.08629045635461807,0.041655443608760834,0.18211470544338226,0.2207426279783249,0.19127067923545837,0.18222151696681976,0.0,GNN,3,2025-02-08
100,6,6,54,100,0.038301464170217514,0.08628249168395996,0.041544344276189804,0.18185701966285706,0.2204471230506897,0.19089564681053162,0.18177828192710876,0.0,GNN,3,2025-02-08
200,6,6,54,114,0.038301464170217514,0.08628249168395996,0.041544344276189804,0.18185701966285706,0.2204471230506897,0.19089564681053162,0.18177828192710876,0.0,GNN,3,2025-02-08
400,6,6,54,114,0.038301464170217514,0.08628249168395996,0.041544344276189804,0.18185701966285706,0.2204471230506897,0.19089564681053162,0.18177828192710876,0.0,GNN,3,2025-02-08
500,6,6,54,114,0.038301464170217514,0.08628249168395996,0.041544344276189804,0.18185701966285706,0.2204471230506897,0.19089564681053162,0.18177828192710876,0.0,GNN,3,2025-02-08
1000,6,6,54,114,0.038301464170217514,0.08628249168395996,0.041544344276189804,0.18185701966285706,0.2204471230506897,0.19089564681053162,0.18177828192710876,0.0,GNN,3,2025-02-08
100,12,6,0,60,0.03688321262598038,0.08647090196609497,0.03981088101863861,0.17749179899692535,0.21698777377605438,0.18537060916423798,0.17459139227867126,0.0,GNN,3,2025-02-08
200,12,6,0,60,0.03688321262598038,0.08647090196609497,0.03981088101863861,0.17749179899692535,0.21698777377605438,0.18537060916423798,0.17459139227867126,0.0,GNN,3,2025-02-08
400,12,6,0,60,0.03688321262598038,0.08647090196609497,0.03981088101863861,0.17749179899692535,0.21698777377605438,0.18537060916423798,0.17459139227867126,0.0,GNN,3,2025-02-08
500,12,6,0,60,0.03688321262598038,0.08647090196609497,0.03981088101863861,0.17749179899692535,0.21698777377605438,0.18537060916423798,0.17459139227867126,0.0,GNN,3,2025-02-08
1000,12,6,0,60,0.03688321262598038,0.08647090196609497,0.03981088101863861,0.17749179899692535,0.21698777377605438,0.18537060916423798,0.17459139227867126,0.0,GNN,3,2025-02-08
100,24,6,22,82,0.03368650749325752,0.08627321571111679,0.03376005217432976,0.16116400063037872,0.20060871541500092,0.15558306872844696,0.1425914466381073,0.0,GNN,3,2025-02-08
200,24,6,22,82,0.03368650749325752,0.08627321571111679,0.03376005217432976,0.16116400063037872,0.20060871541500092,0.15558306872844696,0.1425914466381073,0.0,GNN,3,2025-02-08
400,24,6,22,82,0.03368650749325752,0.08627321571111679,0.03376005217432976,0.16116400063037872,0.20060871541500092,0.15558306872844696,0.1425914466381073,0.0,GNN,3,2025-02-08
500,24,6,22,82,0.03368650749325752,0.08627321571111679,0.03376005217432976,0.16116400063037872,0.20060871541500092,0.15558306872844696,0.1425914466381073,0.0,GNN,3,2025-02-08
1000,24,6,22,82,0.03368650749325752,0.08627321571111679,0.03376005217432976,0.16116400063037872,0.20060871541500092,0.15558306872844696,0.1425914466381073,0.0,GNN,3,2025-02-08
100,2,2,100,100,0.07494449615478516,0.10288377851247787,0.0861557200551033,0.2594515085220337,0.3006991147994995,0.2927539050579071,0.3021562695503235,0.0,GNN,61,2025-02-08
200,2,2,200,200,0.05576826632022858,0.09225717931985855,0.06358025968074799,0.2235395908355713,0.2664642930030823,0.24930204451084137,0.25080403685569763,0.0,GNN,61,2025-02-08
400,2,2,399,400,0.03900527581572533,0.08636225014925003,0.04249626770615578,0.1840362399816513,0.22294597327709198,0.19406726956367493,0.1855265498161316,0.0,GNN,61,2025-02-08
500,2,2,417,477,0.038069892674684525,0.08626189082860947,0.04122889041900635,0.18112029135227203,0.21960236132144928,0.1898234635591507,0.18051114678382874,0.0,GNN,61,2025-02-08
1000,2,2,417,477,0.038069892674684525,0.08626189082860947,0.04122889041900635,0.18112029135227203,0.21960236132144928,0.1898234635591507,0.18051114678382874,0.0,GNN,61,2025-02-08
100,6,2,25,85,0.036036476492881775,0.08622589707374573,0.03840133175253868,0.1741451621055603,0.2116042524576187,0.179671972990036,0.1685139238834381,0.0,GNN,61,2025-02-08
200,6,2,25,85,0.036036476492881775,0.08622589707374573,0.03840133175253868,0.1741451621055603,0.2116042524576187,0.179671972990036,0.1685139238834381,0.0,GNN,61,2025-02-08
400,6,2,25,85,0.036036476492881775,0.08622589707374573,0.03840133175253868,0.1741451621055603,0.2116042524576187,0.179671972990036,0.1685139238834381,0.0,GNN,61,2025-02-08
500,6,2,25,85,0.036036476492881775,0.08622589707374573,0.03840133175253868,0.1741451621055603,0.2116042524576187,0.179671972990036,0.1685139238834381,0.0,GNN,61,2025-02-08
1000,6,2,25,85,0.036036476492881775,0.08622589707374573,0.03840133175253868,0.1741451621055603,0.2116042524576187,0.179671972990036,0.1685139238834381,0.0,GNN,61,2025-02-08
100,12,2,100,100,0.03970347344875336,0.08646463602781296,0.043431367725133896,0.18611688911914825,0.22533173859119415,0.19709540903568268,0.18910527229309082,0.0,GNN,61,2025-02-08
200,12,2,105,165,0.03766445815563202,0.08623307943344116,0.040673717856407166,0.17980509996414185,0.21809430420398712,0.1879093050956726,0.17824900150299072,0.0,GNN,61,2025-02-08
400,12,2,105,165,0.03766445815563202,0.08623307943344116,0.040673717856407166,0.17980509996414185,0.21809430420398712,0.1879093050956726,0.17824900150299072,0.0,GNN,61,2025-02-08
500,12,2,105,165,0.03766445815563202,0.08623307943344116,0.040673717856407166,0.17980509996414185,0.21809430420398712,0.1879093050956726,0.17824900150299072,0.0,GNN,61,2025-02-08
1000,12,2,105,165,0.03766445815563202,0.08623307943344116,0.040673717856407166,0.17980509996414185,0.21809430420398712,0.1879093050956726,0.17824900150299072,0.0,GNN,61,2025-02-08
100,24,2,17,77,0.037948127835989,0.08625224232673645,0.041062552481889725,0.1807287633419037,0.21915340423583984,0.18925364315509796,0.17983773350715637,0.0,GNN,61,2025-02-08
200,24,2,17,77,0.037948127835989,0.08625224232673645,0.041062552481889725,0.1807287633419037,0.21915340423583984,0.18925364315509796,0.17983773350715637,0.0,GNN,61,2025-02-08
400,24,2,17,77,0.037948127835989,0.08625224232673645,0.041062552481889725,0.1807287633419037,0.21915340423583984,0.18925364315509796,0.17983773350715637,0.0,GNN,61,2025-02-08
500,24,2,17,77,0.037948127835989,0.08625224232673645,0.041062552481889725,0.1807287633419037,0.21915340423583984,0.18925364315509796,0.17983773350715637,0.0,GNN,61,2025-02-08
1000,24,2,17,77,0.037948127835989,0.08625224232673645,0.041062552481889725,0.1807287633419037,0.21915340423583984,0.18925364315509796,0.17983773350715637,0.0,GNN,61,2025-02-08
100,2,4,100,100,0.06789611279964447,0.16367684304714203,0.05213448032736778,0.19509142637252808,0.27833646535873413,0.1619943082332611,-0.10532405227422714,0.0,GNN,61,2025-02-08
200,2,4,200,200,0.04458346590399742,0.12810219824314117,0.033697038888931274,0.12144138664007187,0.20468644797801971,0.08834429085254669,-0.03167401999235153,0.0,GNN,61,2025-02-08
400,2,4,399,400,0.0310747679322958,0.10023579001426697,0.025896761566400528,0.11452949792146683,0.17212675511837006,0.0846148207783699,0.0545634999871254,0.0,GNN,61,2025-02-08
500,2,4,498,500,0.03009651228785515,0.09608644992113113,0.02617928571999073,0.12383134663105011,0.17847563326358795,0.09936878085136414,0.07361016422510147,0.0,GNN,61,2025-02-08
1000,2,4,772,832,0.029836516827344894,0.09330781549215317,0.026920679956674576,0.13121940195560455,0.18351830542087555,0.11216934770345688,0.08873811364173889,0.0,GNN,61,2025-02-08
100,6,4,0,60,0.029978863894939423,0.09128502011299133,0.027923859655857086,0.13757051527500153,0.18785317242145538,0.12317327409982681,0.10174272954463959,0.0,GNN,61,2025-02-08
200,6,4,0,60,0.029978863894939423,0.09128502011299133,0.027923859655857086,0.13757051527500153,0.18785317242145538,0.12317327409982681,0.10174272954463959,0.0,GNN,61,2025-02-08
400,6,4,0,60,0.029978863894939423,0.09128502011299133,0.027923859655857086,0.13757051527500153,0.18785317242145538,0.12317327409982681,0.10174272954463959,0.0,GNN,61,2025-02-08
500,6,4,0,60,0.029978863894939423,0.09128502011299133,0.027923859655857086,0.13757051527500153,0.18785317242145538,0.12317327409982681,0.10174272954463959,0.0,GNN,61,2025-02-08
1000,6,4,0,60,0.029978863894939423,0.09128502011299133,0.027923859655857086,0.13757051527500153,0.18785317242145538,0.12317327409982681,0.10174272954463959,0.0,GNN,61,2025-02-08
100,12,4,19,79,0.030664581805467606,0.08917051553726196,0.029722902923822403,0.14644195139408112,0.19345957040786743,0.1374049037694931,0.11856192350387573,0.0,GNN,61,2025-02-08
200,12,4,19,79,0.030664581805467606,0.08917051553726196,0.029722902923822403,0.14644195139408112,0.19345957040786743,0.1374049037694931,0.11856192350387573,0.0,GNN,61,2025-02-08
400,12,4,19,79,0.030664581805467606,0.08917051553726196,0.029722902923822403,0.14644195139408112,0.19345957040786743,0.1374049037694931,0.11856192350387573,0.0,GNN,61,2025-02-08
500,12,4,19,79,0.030664581805467606,0.08917051553726196,0.029722902923822403,0.14644195139408112,0.19345957040786743,0.1374049037694931,0.11856192350387573,0.0,GNN,61,2025-02-08
1000,12,4,19,79,0.030664581805467606,0.08917051553726196,0.029722902923822403,0.14644195139408112,0.19345957040786743,0.1374049037694931,0.11856192350387573,0.0,GNN,61,2025-02-08
100,24,4,9,69,0.035277608782052994,0.08629541844129562,0.037313107401132584,0.17125236988067627,0.20845168828964233,0.1754617989063263,0.16353829205036163,0.0,GNN,61,2025-02-08
200,24,4,9,69,0.035277608782052994,0.08629541844129562,0.037313107401132584,0.17125236988067627,0.20845168828964233,0.1754617989063263,0.16353829205036163,0.0,GNN,61,2025-02-08
400,24,4,9,69,0.035277608782052994,0.08629541844129562,0.037313107401132584,0.17125236988067627,0.20845168828964233,0.1754617989063263,0.16353829205036163,0.0,GNN,61,2025-02-08
500,24,4,9,69,0.035277608782052994,0.08629541844129562,0.037313107401132584,0.17125236988067627,0.20845168828964233,0.1754617989063263,0.16353829205036163,0.0,GNN,61,2025-02-08
1000,24,4,9,69,0.035277608782052994,0.08629541844129562,0.037313107401132584,0.17125236988067627,0.20845168828964233,0.1754617989063263,0.16353829205036163,0.0,GNN,61,2025-02-08
100,2,6,90,100,0.038383226841688156,0.08629045635461807,0.041655443608760834,0.18211470544338226,0.2207426279783249,0.19127067923545837,0.18222151696681976,0.0,GNN,61,2025-02-08
200,2,6,90,150,0.038383226841688156,0.08629045635461807,0.041655443608760834,0.18211470544338226,0.2207426279783249,0.19127067923545837,0.18222151696681976,0.0,GNN,61,2025-02-08
400,2,6,90,150,0.038383226841688156,0.08629045635461807,0.041655443608760834,0.18211470544338226,0.2207426279783249,0.19127067923545837,0.18222151696681976,0.0,GNN,61,2025-02-08
500,2,6,90,150,0.038383226841688156,0.08629045635461807,0.041655443608760834,0.18211470544338226,0.2207426279783249,0.19127067923545837,0.18222151696681976,0.0,GNN,61,2025-02-08
1000,2,6,90,150,0.038383226841688156,0.08629045635461807,0.041655443608760834,0.18211470544338226,0.2207426279783249,0.19127067923545837,0.18222151696681976,0.0,GNN,61,2025-02-08
100,6,6,54,100,0.03830147162079811,0.08628249168395996,0.0415443554520607,0.18185703456401825,0.2204471379518509,0.1908957064151764,0.18177831172943115,0.0,GNN,61,2025-02-08
200,6,6,54,114,0.03830147162079811,0.08628249168395996,0.0415443554520607,0.18185703456401825,0.2204471379518509,0.1908957064151764,0.18177831172943115,0.0,GNN,61,2025-02-08
400,6,6,54,114,0.03830147162079811,0.08628249168395996,0.0415443554520607,0.18185703456401825,0.2204471379518509,0.1908957064151764,0.18177831172943115,0.0,GNN,61,2025-02-08
500,6,6,54,114,0.03830147162079811,0.08628249168395996,0.0415443554520607,0.18185703456401825,0.2204471379518509,0.1908957064151764,0.18177831172943115,0.0,GNN,61,2025-02-08
1000,6,6,54,114,0.03830147162079811,0.08628249168395996,0.0415443554520607,0.18185703456401825,0.2204471379518509,0.1908957064151764,0.18177831172943115,0.0,GNN,61,2025-02-08
100,12,6,0,60,0.03709310293197632,0.08620944619178772,0.039884600788354874,0.17789241671562195,0.21590106189250946,0.1851256638765335,0.174959197640419,0.0,GNN,61,2025-02-08
200,12,6,0,60,0.03709310293197632,0.08620944619178772,0.039884600788354874,0.17789241671562195,0.21590106189250946,0.1851256638765335,0.174959197640419,0.0,GNN,61,2025-02-08
400,12,6,0,60,0.03709310293197632,0.08620944619178772,0.039884600788354874,0.17789241671562195,0.21590106189250946,0.1851256638765335,0.174959197640419,0.0,GNN,61,2025-02-08
500,12,6,0,60,0.03709310293197632,0.08620944619178772,0.039884600788354874,0.17789241671562195,0.21590106189250946,0.1851256638765335,0.174959197640419,0.0,GNN,61,2025-02-08
1000,12,6,0,60,0.03709310293197632,0.08620944619178772,0.039884600788354874,0.17789241671562195,0.21590106189250946,0.1851256638765335,0.174959197640419,0.0,GNN,61,2025-02-08
100,24,6,22,82,0.03242180868983269,0.08725469559431076,0.03294048085808754,0.1582423746585846,0.20081345736980438,0.1560724377632141,0.1406235545873642,0.0,GNN,61,2025-02-08
200,24,6,22,82,0.03242180868983269,0.08725469559431076,0.03294048085808754,0.1582423746585846,0.20081345736980438,0.1560724377632141,0.1406235545873642,0.0,GNN,61,2025-02-08
400,24,6,22,82,0.03242180868983269,0.08725469559431076,0.03294048085808754,0.1582423746585846,0.20081345736980438,0.1560724377632141,0.1406235545873642,0.0,GNN,61,2025-02-08
500,24,6,22,82,0.03242180868983269,0.08725469559431076,0.03294048085808754,0.1582423746585846,0.20081345736980438,0.1560724377632141,0.1406235545873642,0.0,GNN,61,2025-02-08
1000,24,6,22,82,0.03242180868983269,0.08725469559431076,0.03294048085808754,0.1582423746585846,0.20081345736980438,0.1560724377632141,0.1406235545873642,0.0,GNN,61,2025-02-08
